LOWER LIMIT,,,-1,-1.5,-1.5,-1.5,-1,-1.5,-1,-1.5,-1.5,-1.5,-1,-1.5,-1,-1.5,-1.5,-1.5,-1,-1.5,-1,-1.5,-1.5,-1.5,-1,-1,-1.5,-1,-1.5,-1.5,-1.5,-1,-1,-1.5,-1,-1.5,-1.5,-1.5,-1,-1,-1.5,-1,-1.5,-1.5,-1.5,-1,-1,-1.5,-1.5,-1.5,-1,-1.5,-1,-1.5,-1,-1.5,-1,-1.5,-1.5,-1,-1.5,-1,-1.5,-1,-1.5,-1,-1.5,-1.5,-1.5,-1,-1.5,-1.5,-1,-1.5,-1.5,-1.5,-1,-1,-1,-1,-1.5,-1.5,-1,-1.5,-1.5,-1.5,-1,-1,-1,-1,-1.5,-1.5,-1,-2,-2,-1,-2,-2,-1,-2,-2,-1,-2,-2,-1,-1.5,-1.5,-1,-1.5,-1.5,-1,-2,-2,-2,-1,-1,-1,-1,-2,-2,-2,-1,-1,-1,-1,-2,-2,-1,-2,-2,-1,-1.5,-1.5,-1.5,-1,-1,-1,-1,-1,-1,-1,-1.5,-1.5,-1.5,-1,-1,-1,-1,-1,-1,-1,-1.5,-1.5,-1.5,-1,-1,-1,-1,-1.5,-1.5,-1.5,-1,-1,-1,-1,-1.5,-1.5,-1,-1.5,-1.5,-1,-1.5,-1.5,-1,-1.5,-1.5,-1.5,-1,-1.5,-1.5,-1.5,-1,-1.5,-1.5,-1,-1.5,-1.5,-1.5,-1,-1,-1,-1,-1.5,-1.5,-1,-1.5,-1.5,-1.5,-1,-1,-1,-1,-1.5,-1.5,-1,-1.5,-1.5,-1,-1.5,-1.5,-1,-1.5,-1.5,-1.5,-1,-1,-1,-1,-1.5,-1.5,-1.5,-1,-1,-1,-1,-1.5,-1.5,-1.5,-1,-1.5,-1,-1.5,-1,-1.5,-1.5,-1,-1.5,-1.5,-1,-1.5,-1.5,-1,-1.5,-1.5,-1.5,-1,-1,-1,-1,-1.5,-1.5,-1,-1.5,-1.5,-1.5,-1,-1,-1,-1,-1.5,-1.5,-1,-1.5,-1.5,-1,-1.5,-1.5,-1,-1.5,-1.5,-1,-1,-1.5,-1.5,-1.5,-1,-1.5,-1.5,-1,-1.5,-1.5,-1.5,-1,-1.5,-1.5,-1.5,-1,-1.5,-1.5,-1,-1.5,-1.5,-1.5,-1,-1.5,-1.5,-1,-1.5,-1.5,-1.5,-1,-1.5,-1.5,-1,-1.5,-1.5,-1.5,-1,-1.5,-1.5,-1,-1.5,-1.5,-1.5,-1,-1,-1,-1,-1.5,-1.5,-1,-1.5,-1.5,-1.5,-1,-1,-1,-1,-1.5,-1.5,-1,-1.5,-1.5,-1,-1,-1,-1.5,-1.5,-1,-1.5,-1.5,-1,-1.5,-1.5,-1.5,-1,-1,-1.5,-1,-1.5,-1,-1.5,-1.5,-1.5,-1,-1.5,-1,-1.5,-1,-1.5,-1.5,-1.5,-1,-2,-2,-2,-1,-1.5,-1.5,-1,-2,-2,-2,-1,-1.5,-1.5,-1,-2,-2,-2,-1,-1.5,-1.5,-1,-2,-2,-2,-1,-1.5,-1.5,-1,-1.5,-1.5,-1.5,-1,-1.5,-1.5,-1,-2,-2,-2,-1,-1.5,-1.5,-1,-1.5,-1.5,-1,-1.5,-1.5,-1,-1.5,-1.5,-1,-1.5,-1.5,-1,-2,-2,-2,-1,-1,-1,-1,-1.5,-1.5,-2,-1,-2,-2,-2,-1,-1,-1,-1,-1.5,-1.5,-1,-1.5,-1.5,-1,-1.5,-1.5,-1,-1.5,-1.5,-1,-1.5,-1.5,-1,-1.5,-1.5,-1.5,-1,-1,-1,-1,-1.5,-1.5,-1.5,-1,-1.5,-1.5,-1.5,-1,-1,-1,-1.5,-1.5,-1,-1,-1.5,-1.5,-1.5,-1,-1,-1,-1.5,-1.5,-1,-1.5,-1.5,-1,-1.5,-1.5,-1.5,-1,-1.5,-1.5,-1,-1.5,-1.5,-1.5,-1,-1.5,-1.5,-1,-1.5,-1.5,-1.5,-1,-1.5,-1,-1.5,-1,-1.5,-1.5,-1.5,-1,-1.5,-1,-1.5,-1,-1.5,-1.5,-1.5,-1,-1,-1,-1,-1.5,-1.5,-1,-1.5,-1.5,-1.5,-1,-1,-1,-1,-1.5,-1.5,-1,-1.5,-1.5,-1,-1.5,-1.5,-1,-1.5,-1.5,-1,-1.5,-1.5,-1,-1.5,-1.5,-1.5,-1,-1,-1,-1,-1.5,-1.5,-1.5,-1,-1,-1,-1,-1.5,-1.5,-1,-1.5,-1.5,-1,-1.5,-1.5,-1.5,-1,-1,-1,-1,-1.5,-1.5,-1.5,-1,-1,-1,-1,-1.5,-1.5,-1,-1.5,-1.5,-1,-1.5,-1.5,-1,-1.5,-1.5,-1,-1.5,-1.5,-1.5,-1,-1.5,-1.5,-1,-1.5,-1.5,-1.5,-1,-1.5,-1.5,-1,-1.5,-1.5,-1.5,-1,-1,-1,-1.5,-1.5,-1,-1.5,-1.5,-1.5,-1,-1,-1,-1,-1.5,-1.5,-1,-1.5,-1.5,-1.5,-1,-1,-1,-1.5,-1.5,-1,-1.5,-1.5,-1,-1.5,-1.5,-1,-1.5,-1.5,-1,-1.5,-1.5,-1,-1.5,-1.5,-1,-2,-2,-1,-1,-1,-1,-1,-1,-1,-1,-1,-1,-1.5,-1.5,-1.5,-1,-1.5,-1.5,-1.5,-1,-1.5,-1.5,-1.5,-1.5,-1.5,-1.5,-1.5,-1.5,-1.5,-1.5,-1.5,-1.5
UPPER LIMIT,,,1,1.5,1.5,1.5,1,1.5,1,1.5,1.5,1.5,1,1.5,1,1.5,1.5,1.5,1,1.5,1,1.5,1.5,1.5,1,1,1.5,1,1.5,1.5,1.5,1,1,1.5,1,1.5,1.5,1.5,1,1,1.5,1,1.5,1.5,1.5,1,1,1.5,1.5,1.5,1,1.5,1,1.5,1,1.5,1,1.5,1.5,1,1.5,1,1.5,1,1.5,1,1.5,1.5,1.5,1,1.5,1.5,1,1.5,1.5,1.5,1,1,1,1,1.5,1.5,1,1.5,1.5,1.5,1,1,1,1,1.5,1.5,1,2,2,1,2,2,1,2,2,1,2,2,1,1.5,1.5,1,1.5,1.5,1,2,2,2,1,1,1,1,2,2,2,1,1,1,1,2,2,1,2,2,1,1.5,1.5,1.5,1,1,1,1,1,1,1,1.5,1.5,1.5,1,1,1,1,1,1,1,1.5,1.5,1.5,1,1,1,1,1.5,1.5,1.5,1,1,1,1,1.5,1.5,1,1.5,1.5,1,1.5,1.5,1,1.5,1.5,1.5,1,1.5,1.5,1.5,1,1.5,1.5,1,1.5,1.5,1.5,1,1,1,1,1.5,1.5,1,1.5,1.5,1.5,1,1,1,1,1.5,1.5,1,1.5,1.5,1,1.5,1.5,1,1.5,1.5,1.5,1,1,1,1,1.5,1.5,1.5,1,1,1,1,1.5,1.5,1.5,1,1.5,1,1.5,1,1.5,1.5,1,1.5,1.5,1,1.5,1.5,1,1.5,1.5,1.5,1,1,1,1,1.5,1.5,1,1.5,1.5,1.5,1,1,1,1,1.5,1.5,1,1.5,1.5,1,1.5,1.5,1,1.5,1.5,1,1,1.5,1.5,1.5,1,1.5,1.5,1,1.5,1.5,1.5,1,1.5,1.5,1.5,1,1.5,1.5,1,1.5,1.5,1.5,1,1.5,1.5,1,1.5,1.5,1.5,1,1.5,1.5,1,1.5,1.5,1.5,1,1.5,1.5,1,1.5,1.5,1.5,1,1,1,1,1.5,1.5,1,1.5,1.5,1.5,1,1,1,1,1.5,1.5,1,1.5,1.5,1,1,1,1.5,1.5,1,1.5,1.5,1,1.5,1.5,1.5,1,1,1.5,1,1.5,1,1.5,1.5,1.5,1,1.5,1,1.5,1,1.5,1.5,1.5,1,2,2,2,1,1.5,1.5,1,2,2,2,1,1.5,1.5,1,2,2,2,1,1.5,1.5,1,2,2,2,1,1.5,1.5,1,1.5,1.5,1.5,1,1.5,1.5,1,2,2,2,1,1.5,1.5,1,1.5,1.5,1,1.5,1.5,1,1.5,1.5,1,1.5,1.5,1,2,2,2,1,1,1,1,1.5,1.5,2,1,2,2,2,1,1,1,1,1.5,1.5,1,1.5,1.5,1,1.5,1.5,1,1.5,1.5,1,1.5,1.5,1,1.5,1.5,1.5,1,1,1,1,1.5,1.5,1.5,1,1.5,1.5,1.5,1,1,1,1.5,1.5,1,1,1.5,1.5,1.5,1,1,1,1.5,1.5,1,1.5,1.5,1,1.5,1.5,1.5,1,1.5,1.5,1,1.5,1.5,1.5,1,1.5,1.5,1,1.5,1.5,1.5,1,1.5,1,1.5,1,1.5,1.5,1.5,1,1.5,1,1.5,1,1.5,1.5,1.5,1,1,1,1,1.5,1.5,1,1.5,1.5,1.5,1,1,1,1,1.5,1.5,1,1.5,1.5,1,1.5,1.5,1,1.5,1.5,1,1.5,1.5,1,1.5,1.5,1.5,1,1,1,1,1.5,1.5,1.5,1,1,1,1,1.5,1.5,1,1.5,1.5,1,1.5,1.5,1.5,1,1,1,1,1.5,1.5,1.5,1,1,1,1,1.5,1.5,1,1.5,1.5,1,1.5,1.5,1,1.5,1.5,1,1.5,1.5,1.5,1,1.5,1.5,1,1.5,1.5,1.5,1,1.5,1.5,1,1.5,1.5,1.5,1,1,1,1.5,1.5,1,1.5,1.5,1.5,1,1,1,1,1.5,1.5,1,1.5,1.5,1.5,1,1,1,1.5,1.5,1,1.5,1.5,1,1.5,1.5,1,1.5,1.5,1,1.5,1.5,1,1.5,1.5,1,2,2,1,1,1,1,1,1,1,1,1,1,1.5,1.5,1.5,1,1.5,1.5,1.5,1,1.5,1.5,1.5,1.5,1.5,1.5,1.5,1.5,1.5,1.5,1.5,1.5
SN,Date,Time,B001_TP_ABC[err],B001_TP_ABC[X],B001_TP_ABC[Y],B001_TP_ABC[Z],B002_Patch[err],B002_Patch[X],B002_TP_ABC[err],B002_TP_ABC[X],B002_TP_ABC[Y],B002_TP_ABC[Z],B003_Patch[err],B003_Patch[X],B003_TP_ABC[err],B003_TP_ABC[X],B003_TP_ABC[Y],B003_TP_ABC[Z],B004_Patch[err],B004_Patch[X],B004_TP_ABC[err],B004_TP_ABC[X],B004_TP_ABC[Y],B004_TP_ABC[Z],B004_TP_ABC[True Position],B005_Patch[err],B005_Patch[X],B005_TP_ABC[err],B005_TP_ABC[X],B005_TP_ABC[Y],B005_TP_ABC[Z],B005_TP_ABC[True Position],B006_Patch[err],B006_Patch[X],B006_TP_ABC[err],B006_TP_ABC[X],B006_TP_ABC[Y],B006_TP_ABC[Z],B006_TP_ABC[True Position],B007_Patch[err],B007_Patch[X],B007_TP_ABC[err],B007_TP_ABC[X],B007_TP_ABC[Y],B007_TP_ABC[Z],B007_TP_ABC[True Position],B008_TP_ABC[err],B008_TP_ABC[X],B008_TP_ABC[Y],B008_TP_ABC[Z],B009_ANGUL_A[err],B009_ANGUL_A[Angularity],B009_ANGUL_A_OLD[err],B009_ANGUL_A_OLD[Angularity],B009_ANGUL_B[err],B009_ANGUL_B[Angularity],B009_PROF_ABC[err],B009_PROF_ABC[Surface Min Dev],B009_PROF_ABC[Surface Max Dev],B010_ANGUL_A[err],B010_ANGUL_A[Angularity],B010_ANGUL_A_OLD[err],B010_ANGUL_A_OLD[Angularity],B010_ANGUL_B[err],B010_ANGUL_B[Angularity],B010_PROF_ABC[err],B010_PROF_ABC[Profile Surface],B010_PROF_ABC[Surface Min Dev],B010_PROF_ABC[Surface Max Dev],B010_PROF_AS[err],B010_PROF_AS[Surface Min Dev],B010_PROF_AS[Surface Max Dev],B015_TP_ABC[err],B015_TP_ABC[X],B015_TP_ABC[Y],B015_TP_ABC[Z],B015_TP_ABC[Profile Surface],B015_TP_ABC[Surface Min Dev],B015_TP_ABC[Surface Max Dev],B015_TP_ADE_SHORT[err],B015_TP_ADE_SHORT[X],B015_TP_ADE_SHORT[Y],B016_TP_ABC[err],B016_TP_ABC[X],B016_TP_ABC[Y],B016_TP_ABC[Z],B016_TP_ABC[Profile Surface],B016_TP_ABC[Surface Min Dev],B016_TP_ABC[Surface Max Dev],B016_TP_ADE_SHORT[err],B016_TP_ADE_SHORT[X],B016_TP_ADE_SHORT[Y],B019_PROF_ABC[err],B019_PROF_ABC[Surface Min Dev],B019_PROF_ABC[Surface Max Dev],B019_PROF_F[err],B019_PROF_F[Surface Min Dev],B019_PROF_F[Surface Max Dev],B020_PROF_ABC[err],B020_PROF_ABC[Surface Min Dev],B020_PROF_ABC[Surface Max Dev],B020_PROF_F[err],B020_PROF_F[Surface Min Dev],B020_PROF_F[Surface Max Dev],B032_PROF_LH_ABC[err],B032_PROF_LH_ABC[Surface Min Dev],B032_PROF_LH_ABC[Surface Max Dev],B032_PROF_RH_ABC[err],B032_PROF_RH_ABC[Surface Min Dev],B032_PROF_RH_ABC[Surface Max Dev],B035_TP_ABC[err],B035_TP_ABC[X],B035_TP_ABC[Y],B035_TP_ABC[Z],B035_TP_ABC[Profile Surface],B035_TP_ABC[Surface Min Dev],B035_TP_ABC[Surface Max Dev],B036_TP_ABC[err],B036_TP_ABC[X],B036_TP_ABC[Y],B036_TP_ABC[Z],B036_TP_ABC[Profile Surface],B036_TP_ABC[Surface Min Dev],B036_TP_ABC[Surface Max Dev],B037_PROF_ABC[err],B037_PROF_ABC[Surface Min Dev],B037_PROF_ABC[Surface Max Dev],B038_PROF_ABC[err],B038_PROF_ABC[Surface Min Dev],B038_PROF_ABC[Surface Max Dev],B045_TP_ABC[err],B045_TP_ABC[X],B045_TP_ABC[Y],B045_TP_ABC[Z],B045_TP_ABC[Surface Min Dev],B045_TP_ABC[Surface Max Dev],B045_TP_AP[err],B045_TP_AP[Y],B045_TP_AP[Z],B045_TP_AP[True Position],B046_TP_ABC[err],B046_TP_ABC[X],B046_TP_ABC[Y],B046_TP_ABC[Z],B046_TP_ABC[Surface Min Dev],B046_TP_ABC[Surface Max Dev],B046_TP_AN[err],B046_TP_AN[Y],B046_TP_AN[Z],B046_TP_AN[True Position],B059_TP_ABC[err],B059_TP_ABC[X],B059_TP_ABC[Y],B059_TP_ABC[Z],B059_TP_ABC[Profile Surface],B059_TP_ABC[Surface Min Dev],B059_TP_ABC[Surface Max Dev],B060_TP_ABC[err],B060_TP_ABC[X],B060_TP_ABC[Y],B060_TP_ABC[Z],B060_TP_ABC[Profile Surface],B060_TP_ABC[Surface Min Dev],B060_TP_ABC[Surface Max Dev],B067_PROF_ABC[err],B067_PROF_ABC[Surface Min Dev],B067_PROF_ABC[Surface Max Dev],B068_PROF_ABC[err],B068_PROF_ABC[Surface Min Dev],B068_PROF_ABC[Surface Max Dev],B071_TP_AB[err],B071_TP_AB[Y],B071_TP_AB[Z],B071_TP_ABC[err],B071_TP_ABC[X],B071_TP_ABC[Y],B071_TP_ABC[Z],B072_TP_ABC[err],B072_TP_ABC[X],B072_TP_ABC[Y],B072_TP_ABC[Z],B072_TP_AC[err],B072_TP_AC[Y],B072_TP_AC[Z],B075_TP_ABC[err],B075_TP_ABC[X],B075_TP_ABC[Y],B075_TP_ABC[Z],B075_TP_ABC[Surface Min Dev],B075_TP_ABC[Surface Max Dev],B075_TP_T[err],B075_TP_T[X],B075_TP_T[Y],B075_TP_T[Z],B076_TP_ABC[err],B076_TP_ABC[X],B076_TP_ABC[Y],B076_TP_ABC[Z],B076_TP_ABC[Surface Min Dev],B076_TP_ABC[Surface Max Dev],B076_TP_X[err],B076_TP_X[X],B076_TP_X[Y],B076_TP_X[Z],B077_PROF_BV[err],B077_PROF_BV[Surface Min Dev],B077_PROF_BV[Surface Max Dev],B078_PROF_BAH[err],B078_PROF_BAH[Surface Min Dev],B078_PROF_BAH[Surface Max Dev],B080_TP_ABC[err],B080_TP_ABC[X],B080_TP_ABC[Y],B080_TP_ABC[Z],B080_TP_ABC[Profile Surface],B080_TP_ABC[Surface Min Dev],B080_TP_ABC[Surface Max Dev],B081_TP_ABC[err],B081_TP_ABC[X],B081_TP_ABC[Y],B081_TP_ABC[Z],B081_TP_ABC[Profile Surface],B081_TP_ABC[Surface Min Dev],B081_TP_ABC[Surface Max Dev],B083_TP_ABC[err],B083_TP_ABC[X],B083_TP_ABC[Y],B083_TP_ABC[Z],B083_TP_AH[err],B083_TP_AH[X],B083_TP_AJ[err],B083_TP_AJ[Y],B084_PROF_ABC[err],B084_PROF_ABC[Surface Min Dev],B084_PROF_ABC[Surface Max Dev],B085_PROF_ABC[err],B085_PROF_ABC[Surface Min Dev],B085_PROF_ABC[Surface Max Dev],B085_PROF_AZ[err],B085_PROF_AZ[Surface Min Dev],B085_PROF_AZ[Surface Max Dev],B087_TP_ABC[err],B087_TP_ABC[X],B087_TP_ABC[Y],B087_TP_ABC[Z],B087_TP_ABC[Profile Surface],B087_TP_ABC[Surface Min Dev],B087_TP_ABC[Surface Max Dev],B087_TP_TC[err],B087_TP_TC[Y],B087_TP_TC[Z],B088_TP_ABC[err],B088_TP_ABC[X],B088_TP_ABC[Y],B088_TP_ABC[Z],B088_TP_ABC[Profile Surface],B088_TP_ABC[Surface Min Dev],B088_TP_ABC[Surface Max Dev],B088_TP_XC[err],B088_TP_XC[Y],B088_TP_XC[Z],B089_PROF_V[err],B089_PROF_V[Surface Min Dev],B089_PROF_V[Surface Max Dev],B090_PROF_AH[err],B090_PROF_AH[Surface Min Dev],B090_PROF_AH[Surface Max Dev],B097_TP_ABC[err],B097_TP_ABC[X],B097_TP_ABC[Y],B097_TP_ABC[True Position],B098_TP_ABC[err],B098_TP_ABC[X],B098_TP_ABC[Y],B098_TP_ABC[Z],B098_TP_AU[err],B098_TP_AU[X],B098_TP_AU[Y],B115_TP_ABC[err],B115_TP_ABC[X],B115_TP_ABC[Y],B115_TP_ABC[Z],B116_TP_ABC[err],B116_TP_ABC[X],B116_TP_ABC[Y],B116_TP_ABC[Z],B116_TP_ADE_SHORT[err],B116_TP_ADE_SHORT[X],B116_TP_ADE_SHORT[Y],B117_TP_ABC[err],B117_TP_ABC[X],B117_TP_ABC[Y],B117_TP_ABC[Z],B117_TP_ADE_SHORT[err],B117_TP_ADE_SHORT[X],B117_TP_ADE_SHORT[Y],B118_TP_ABC[err],B118_TP_ABC[X],B118_TP_ABC[Y],B118_TP_ABC[Z],B118_TP_ADE_SHORT[err],B118_TP_ADE_SHORT[X],B118_TP_ADE_SHORT[Y],B119_TP_ABC[err],B119_TP_ABC[X],B119_TP_ABC[Y],B119_TP_ABC[Z],B119_TP_ADE_SHORT[err],B119_TP_ADE_SHORT[X],B119_TP_ADE_SHORT[Y],B120_TP_ABC[err],B120_TP_ABC[X],B120_TP_ABC[Y],B120_TP_ABC[Z],B120_TP_ABC[Profile Surface],B120_TP_ABC[Surface Min Dev],B120_TP_ABC[Surface Max Dev],B120_TP_ADE_SHORT[err],B120_TP_ADE_SHORT[X],B120_TP_ADE_SHORT[Y],B121_TP_ABC[err],B121_TP_ABC[X],B121_TP_ABC[Y],B121_TP_ABC[Z],B121_TP_ABC[Profile Surface],B121_TP_ABC[Surface Min Dev],B121_TP_ABC[Surface Max Dev],B121_TP_ADE_SHORT[err],B121_TP_ADE_SHORT[X],B121_TP_ADE_SHORT[Y],B122_PROF_ABC[err],B122_PROF_ABC[Surface Min Dev],B122_PROF_ABC[Surface Max Dev],B122_PROF_AF[err],B122_PROF_AF[X],B122_PROF_AF[Y],B122_PROF_AF[Surface Min Dev],B122_PROF_AF[Surface Max Dev],B123_PROF_ABC[err],B123_PROF_ABC[Surface Min Dev],B123_PROF_ABC[Surface Max Dev],B124_TP_ABC[err],B124_TP_ABC[X],B124_TP_ABC[Y],B124_TP_ABC[Z],B124_TP_ABC[True Position],B124_TP_AH[err],B124_TP_AH[X],B124_TP_AJ[err],B124_TP_AJ[Y],B125_TP_ABC[err],B125_TP_ABC[X],B125_TP_ABC[Y],B125_TP_ABC[Z],B125_TP_AH[err],B125_TP_AH[X],B125_TP_AJ[err],B125_TP_AJ[Y],B145_TP_ABC[err],B145_TP_ABC[X],B145_TP_ABC[Y],B145_TP_ABC[Z],B146_TP_ABC[err],B146_TP_ABC[X],B146_TP_ABC[Y],B146_TP_ABC[Z],B146_TP_ADE_SHORT[err],B146_TP_ADE_SHORT[X],B146_TP_ADE_SHORT[Y],B147_TP_ABC[err],B147_TP_ABC[X],B147_TP_ABC[Y],B147_TP_ABC[Z],B147_TP_ADE_SHORT[err],B147_TP_ADE_SHORT[X],B147_TP_ADE_SHORT[Y],B148_TP_ABC[err],B148_TP_ABC[X],B148_TP_ABC[Y],B148_TP_ABC[Z],B148_TP_ADE_SHORT[err],B148_TP_ADE_SHORT[X],B148_TP_ADE_SHORT[Y],B149_TP_ABC[err],B149_TP_ABC[X],B149_TP_ABC[Y],B149_TP_ABC[Z],B149_TP_ADE_SHORT[err],B149_TP_ADE_SHORT[X],B149_TP_ADE_SHORT[Y],B150_TP_ABC[err],B150_TP_ABC[X],B150_TP_ABC[Y],B150_TP_ABC[Z],B150_TP_ADE_SHORT[err],B150_TP_ADE_SHORT[X],B150_TP_ADE_SHORT[Y],B151_TP_ABC[err],B151_TP_ABC[X],B151_TP_ABC[Y],B151_TP_ABC[Z],B151_TP_ADE_SHORT[err],B151_TP_ADE_SHORT[X],B151_TP_ADE_SHORT[Y],B152_PROF_ABC[err],B152_PROF_ABC[Surface Min Dev],B152_PROF_ABC[Surface Max Dev],B152_PROF_BF[err],B152_PROF_BF[Surface Min Dev],B152_PROF_BF[Surface Max Dev],B153_PROF_ABC[err],B153_PROF_ABC[Surface Min Dev],B153_PROF_ABC[Surface Max Dev],B153_PROF_BF[err],B153_PROF_BF[Surface Min Dev],B153_PROF_BF[Surface Max Dev],B156_TP_ABC[err],B156_TP_ABC[X],B156_TP_ABC[Y],B156_TP_ABC[Z],B156_TP_ABC[Profile Surface],B156_TP_ABC[Surface Min Dev],B156_TP_ABC[Surface Max Dev],B156_TP_AMN_SHORT[err],B156_TP_AMN_SHORT[X],B156_TP_AMN_SHORT[Y],B156_TP_AMN_SHORT[Z],B157_TP_ABC[err],B157_TP_ABC[X],B157_TP_ABC[Y],B157_TP_ABC[Z],B157_TP_ABC[Profile Surface],B157_TP_ABC[Surface Min Dev],B157_TP_ABC[Surface Max Dev],B157_TP_ADE_SHORT[err],B157_TP_ADE_SHORT[X],B157_TP_ADE_SHORT[Y],B158_PROF_ABC[err],B158_PROF_ABC[Surface Min Dev],B158_PROF_ABC[Surface Max Dev],B158_PROF_BAX[err],B158_PROF_BAX[Surface Min Dev],B158_PROF_BAX[Surface Max Dev],B159_PROF_ABC[err],B159_PROF_ABC[Surface Min Dev],B159_PROF_ABC[Surface Max Dev],B159_PROF_BAX[err],B159_PROF_BAX[Surface Min Dev],B159_PROF_BAX[Surface Max Dev],B163_TP_ABC[err],B163_TP_ABC[X],B163_TP_ABC[Y],B163_TP_ABC[Z],B163_TP_ABC[Profile Surface],B163_TP_ABC[Surface Min Dev],B163_TP_ABC[Surface Max Dev],B163_TP_AMN_SHORT[err],B163_TP_AMN_SHORT[X],B163_TP_AMN_SHORT[Y],B163_TP_AMN_SHORT[Z],B170_TP_ABC[err],B170_TP_ABC[X],B170_TP_ABC[Y],B170_TP_ABC[Z],B170_TP_ABC[Surface Min Dev],B170_TP_ABC[Surface Max Dev],B170_TP_AD[err],B170_TP_AD[X],B170_TP_AD[Z],B170_TP_AD[True Position],B171_TP_ABC[err],B171_TP_ABC[X],B171_TP_ABC[Y],B171_TP_ABC[Z],B171_TP_ABC[Surface Min Dev],B171_TP_ABC[Surface Max Dev],B172_PROF_ABC[err],B172_PROF_ABC[Surface Min Dev],B172_PROF_ABC[Surface Max Dev],B173_PROF_ABC[err],B173_PROF_ABC[Surface Min Dev],B173_PROF_ABC[Surface Max Dev],B187_TP_ID_ABC[err],B187_TP_ID_ABC[X],B187_TP_ID_ABC[Y],B187_TP_ID_ABC[Z],B187_TP_ID_AD[err],B187_TP_ID_AD[X],B187_TP_ID_AD[Z],B187_TP_OD_ABC[err],B187_TP_OD_ABC[X],B187_TP_OD_ABC[Y],B187_TP_OD_ABC[Z],B187_TP_OD_AD[err],B187_TP_OD_AD[X],B187_TP_OD_AD[Z],B190_TP_ID_ABC[err],B190_TP_ID_ABC[X],B190_TP_ID_ABC[Y],B190_TP_ID_ABC[Z],B190_TP_ID_AF[err],B190_TP_ID_AF[X],B190_TP_ID_AF[Y],B190_TP_ID_AF[Z],B190_TP_OD_ABC[err],B190_TP_OD_ABC[X],B190_TP_OD_ABC[Y],B190_TP_OD_ABC[Z],B190_TP_OD_AF[err],B190_TP_OD_AF[X],B190_TP_OD_AF[Y],B190_TP_OD_AF[Z],B191_TP_ABC[err],B191_TP_ABC[X],B191_TP_ABC[Y],B191_TP_ABC[Z],B191_TP_ABC[Profile Surface],B191_TP_ABC[Surface Min Dev],B191_TP_ABC[Surface Max Dev],B191_TP_AMN_SHORT[err],B191_TP_AMN_SHORT[X],B191_TP_AMN_SHORT[Y],B192_TP_ABC[err],B192_TP_ABC[X],B192_TP_ABC[Y],B192_TP_ABC[Z],B192_TP_ABC[Profile Surface],B192_TP_ABC[Surface Min Dev],B192_TP_ABC[Surface Max Dev],B192_TP_AMN_SHORT[err],B192_TP_AMN_SHORT[X],B192_TP_AMN_SHORT[Y],B193_PROF_ABC[err],B193_PROF_ABC[Surface Min Dev],B193_PROF_ABC[Surface Max Dev],B193_PROF_BAY[err],B193_PROF_BAY[Surface Min Dev],B193_PROF_BAY[Surface Max Dev],B194_PROF_ABC[err],B194_PROF_ABC[Surface Min Dev],B194_PROF_ABC[Surface Max Dev],B194_PROF_BAY[err],B194_PROF_BAY[Surface Min Dev],B194_PROF_BAY[Surface Max Dev],B203_TP_ABC[err],B203_TP_ABC[X],B203_TP_ABC[Y],B203_TP_ABC[Z],B203_TP_ABC[Profile Surface],B203_TP_ABC[Surface Min Dev],B203_TP_ABC[Surface Max Dev],B204_TP_ABC[err],B204_TP_ABC[X],B204_TP_ABC[Y],B204_TP_ABC[Z],B204_TP_ABC[Profile Surface],B204_TP_ABC[Surface Min Dev],B204_TP_ABC[Surface Max Dev],B205_PROF_ABC[err],B205_PROF_ABC[Surface Min Dev],B205_PROF_ABC[Surface Max Dev],B206_PROF_ABC[err],B206_PROF_ABC[Surface Min Dev],B206_PROF_ABC[Surface Max Dev],B207_TP_ABC[err],B207_TP_ABC[X],B207_TP_ABC[Y],B207_TP_ABC[Z],B207_TP_ABC[Profile Surface],B207_TP_ABC[Surface Min Dev],B207_TP_ABC[Surface Max Dev],B208_TP_ABC[err],B208_TP_ABC[X],B208_TP_ABC[Y],B208_TP_ABC[Z],B208_TP_ABC[Profile Surface],B208_TP_ABC[Surface Min Dev],B208_TP_ABC[Surface Max Dev],B213_PROF_ABC[err],B213_PROF_ABC[Surface Min Dev],B213_PROF_ABC[Surface Max Dev],B213_PROF_BP[err],B213_PROF_BP[Surface Min Dev],B213_PROF_BP[Surface Max Dev],B214_PROF_ABC[err],B214_PROF_ABC[Surface Min Dev],B214_PROF_ABC[Surface Max Dev],B214_PROF_BP[err],B214_PROF_BP[Surface Min Dev],B214_PROF_BP[Surface Max Dev],B215_TP_ABC[err],B215_TP_ABC[X],B215_TP_ABC[Y],B215_TP_ABC[Z],B215_TP_AMN_SHORT[err],B215_TP_AMN_SHORT[X],B215_TP_AMN_SHORT[Y],B216_TP_ABC[err],B216_TP_ABC[X],B216_TP_ABC[Y],B216_TP_ABC[Z],B216_TP_AMN_SHORT[err],B216_TP_AMN_SHORT[X],B216_TP_AMN_SHORT[Y],B219_LOC_ABC[err],B219_LOC_ABC[X],B219_LOC_ABC[Y],B219_LOC_ABC[Z],B219_LOC_ABC[Surface Min Dev],B219_LOC_ABC[Surface Max Dev],B219_TP_AMN_SHORT[err],B219_TP_AMN_SHORT[X],B219_TP_AMN_SHORT[Y],B220_TP_ABC[err],B220_TP_ABC[X],B220_TP_ABC[Y],B220_TP_ABC[Z],B220_TP_ABC[Profile Surface],B220_TP_ABC[Surface Min Dev],B220_TP_ABC[Surface Max Dev],B220_TP_AMN_SHORT[err],B220_TP_AMN_SHORT[X],B220_TP_AMN_SHORT[Y],B221_TP_ABC[err],B221_TP_ABC[X],B221_TP_ABC[Y],B221_TP_ABC[Z],B221_TP_ABC[Surface Min Dev],B221_TP_ABC[Surface Max Dev],B221_TP_ADE_SHORT[err],B221_TP_ADE_SHORT[X],B221_TP_ADE_SHORT[Y],B221_TP_AM_SHORT[err],B221_TP_AM_SHORT[X],B221_TP_AM_SHORT[Y],B222_PROF_ABC[err],B222_PROF_ABC[Surface Min Dev],B222_PROF_ABC[Surface Max Dev],B222_PROF_BAY[err],B222_PROF_BAY[Surface Min Dev],B222_PROF_BAY[Surface Max Dev],B223_PROF_ABC[err],B223_PROF_ABC[Surface Min Dev],B223_PROF_ABC[Surface Max Dev],B223_PROF_BAY[err],B223_PROF_BAY[Surface Min Dev],B223_PROF_BAY[Surface Max Dev],B225_PROF_BP[err],B225_PROF_BP[Surface Min Dev],B225_PROF_BP[Surface Max Dev],FRT_CAB_MNT_Y_DIFF[err],FRT_CAB_MNT_Y_DIFF[X],FRT_CAB_MNT_Y_DIFF[Y],FRT_CAB_MNT_Y_DIFF[Z],FrameLen[err],FrameLen[X],FrameLen[X Distance],FrameLen[Custom Scalar 9],FrameLen[Custom Scalar 10],LH Front Mod Datum[err],LH Front Mod Datum[X],LH Front Mod Datum[Y],LH Front Mod Datum[Z],LH Rear Mod Datum[err],LH Rear Mod Datum[X],LH Rear Mod Datum[Y],LH Rear Mod Datum[Z],LH_Engine_Mount_Bottom[err],LH_Engine_Mount_Bottom[X],LH_Engine_Mount_Bottom[Y],LH_Engine_Mount_Bottom[Z],PLN_085[err],PLN_085[Parallelism],RH Front Mod Datum[err],RH Front Mod Datum[X],RH Front Mod Datum[Y],RH Front Mod Datum[Z],RH Rear Mod Datum[err],RH Rear Mod Datum[X],RH Rear Mod Datum[Y]
FR320009010229,1/9/2020,10:30:37 PM,,-0.45,1.25,-0.25,,0.06,,,,,,0.42,,,,,,-0.56,,,,,,,-0.1,,,,,,,-0.34,,,,,,,-0.07,,,,,,,0.15,-0.49,0.73,,0.52,,,,0.87,,-0.45,0.42,,0.21,,,,0.61,,0.56,-0.56,0.15,,-0.51,0.2,,-1.62,2.44,-0.23,0.71,-0.71,-0.22,,-2.18,3.27,,-0.29,-1.17,0.58,0.87,0.28,0.87,,-1.41,-0.33,,-0.71,-0.22,,-0.47,0.03,,0.28,0.87,,0.53,1.12,,0.26,0.58,,-0.13,0.12,,0.79,0.03,1.34,0.94,0.63,0.94,,1.12,0.44,0.67,1.34,0.91,1.34,,0.63,0.94,,0.91,1.34,,0,-0.24,0.98,-0.13,0.12,,-0.27,-0.37,2.13,,0.42,0.46,0.96,0.26,0.58,,0.52,0.29,3.18,,-0.31,0.63,-0.26,0.44,-0.44,-0.32,,0.27,0.62,0.42,1.04,0.02,1.04,,-0.44,-0.32,,0.02,1.04,,-0.08,-0.74,,-1.59,0.7,-0.23,,1.25,-0.57,-0.78,,-0.38,-0.38,,0.04,0.78,0.51,-0.21,0.04,,-0.75,0.75,-0.84,,0.48,-0.19,-0.4,0.14,0.9,,-1.12,-0.63,-1.06,,-1.55,-1.31,,-0.52,0.24,,-0.96,1.39,-1.29,1.54,-1.54,-1.05,,-2.3,-1.64,0.32,0.91,-0.27,0.91,,-1.23,0.58,-0.37,,-0.26,,-0.81,,-1.54,-1.05,,-0.27,0.91,,1.02,2.2,,-0.04,-0.58,0.54,0.16,-0.16,0.09,,-1,-0.8,,-0.08,0.52,0.41,0.31,-0.31,0.14,,0.07,-0.25,,-0.95,-0.7,,-1.43,-0.98,,0.63,-0.69,1.51,,-0.21,0.51,0.86,,-0.84,1.2,,0.47,-0.14,-0.47,,0.59,0.6,-0.25,,-0.59,0.82,,0.46,-0.3,0.57,,-0.03,-0.09,,0.56,0.67,-1.39,,-0.67,0.84,,0.5,0.14,-0.91,,0.04,0.31,,0.54,0.76,-0.64,0.97,-0.97,-0.26,,-0.67,0.95,,0.39,-0.14,-0.17,0.85,-0.85,0.25,,-0.08,0.05,,-1.39,-0.25,,,,-1.15,0,,-0.91,0.57,,-0.4,0.7,0.64,1.62,,0.56,,-0.69,,-0.52,1.09,0.96,,0.44,,-0.3,,-0.09,0.94,-1.1,,0.13,0.88,-0.26,,-1.08,-0.11,,-0.09,0.81,-1,,-0.56,-0.19,,0.53,1.02,-0.37,,-0.68,0.06,,-0.35,0.74,-1.29,,-0.82,-0.22,,0.36,0.63,-0.2,,-0.86,-0.4,,-0.12,1.08,-1.02,,-0.59,0.06,,-0.37,-0.2,,-0.12,0.05,,-1.29,-1,,-1.04,-0.75,,0.76,0.5,-1.43,1.75,-1.75,-1.1,,1.03,0.03,-1.43,,-0.19,0.47,-0.18,0.26,-0.26,-0.11,,-0.71,-0.62,,-1.75,-1.1,,-0.65,0,,-0.26,0.14,,0.99,1.24,,-0.37,0.41,0.05,0.14,-0.04,0.14,,-0.18,-0.06,0.05,,0.37,0.04,-0.05,-0.1,0.17,,1.17,1.29,3.49,,-0.8,0.27,-1.34,0.13,0.4,,-0.1,0.17,,0.13,0.4,,-0.84,0.49,-0.62,,-0.04,0.72,,-1.52,1.3,-0.06,,-0.72,1.28,,-0.59,0.08,0.67,,-0.96,0.04,0.71,,-1.26,-0.26,0.41,,-1.63,-0.29,0.46,,-0.39,0.43,-0.94,1.11,-1.11,-0.78,,-0.2,0.03,,-0.14,0.69,-1.23,1.48,-1.48,-0.98,,0.13,0.28,,-1.11,-0.78,,-1.02,-0.69,,-1.48,-0.98,,-1.39,-0.89,,-0.78,0.57,-0.97,0.64,0.49,0.64,,-1.68,0.4,0.11,0.52,0.28,0.52,,0.49,0.64,,0.28,0.52,,0.38,0.06,-0.4,0.46,-0.46,-0.28,,0.55,1.06,-0.64,0.7,-0.7,-0.57,,-0.46,-0.28,,-0.74,-0.57,,-0.7,-0.57,,-0.99,-0.86,,-0.05,-0.63,0.55,,0.13,-1.01,,-0.01,0.42,1.46,,0.26,0.04,,-0.79,0.53,0.54,0.49,0.6,,-0.61,0.16,,-0.54,0.31,0.28,0.44,0.13,0.44,,-0.27,-0.06,,-0.38,0.37,-0.44,-0.62,-0.26,,-0.9,-1.54,,,,,-0.19,-0.09,,0.13,0.44,,0.13,0.44,,0.49,0.6,,0.56,0.66,,1.11,0.85,,0.83,0.39,0.83,0.39,,1.1,2.5,-0.67,,-0.64,-0.24,0.57,,-0.33,-0.37,-0.22,,1.09,,-1.23,-1.26,-0.71,,-1.29,-0.76,0.29
FR320009010230,1/9/2020,10:25:32 PM,,-0.26,1.12,0.08,,0.18,,,,,,0.59,,,,,,-0.44,,,,,,,0.12,,,,,,,-0.27,,,,,,,0.19,,,,,,,0.2,-0.44,0.93,,0.48,,,,0.85,,-0.26,0.59,,0.16,,,,0.61,,0.44,-0.44,0.2,,-0.6,0.04,,-1.51,2.41,0.03,0.52,-0.52,0.12,,-2.22,3.1,,-0.34,-1.12,0.74,1.06,0.4,1.06,,-1.45,-0.43,,-0.52,0.12,,-0.2,0.45,,0.4,1.06,,0.73,1.38,,0.14,0.46,,-0.22,0.02,,0.66,-0.03,1.23,0.84,0.49,0.84,,0.99,0.4,0.66,1.2,0.77,1.2,,0.49,0.84,,0.77,1.2,,-0.1,-0.25,0.97,-0.22,0.02,,-0.22,-0.26,2.49,,0.3,0.43,0.94,0.14,0.46,,0.54,0.28,3.17,,-0.18,0.64,-0.24,0.42,-0.42,-0.28,,0.18,0.49,0.39,1,-0.06,1,,-0.42,-0.28,,-0.06,1,,-0.18,-0.18,,-1.47,0.54,0.23,,1.23,-0.57,-0.7,,-0.37,-0.44,,0.19,0.72,0.42,-0.06,0.22,,-0.47,0.74,-0.81,,0.46,-0.21,-0.26,0.13,0.83,,-0.99,-0.6,-0.92,,-1.29,-1.01,,-0.53,0.17,,-0.91,1.31,-1.31,1.54,-1.54,-1.08,,-2.29,-1.79,0.43,0.99,-0.13,0.99,,-1.12,0.44,-0.38,,-0.21,,-0.87,,-1.54,-1.08,,-0.13,0.99,,1.17,2.29,,0.07,-0.32,0.46,0.18,-0.04,0.18,,-0.69,-0.77,,-0.14,0.63,0.25,0.37,-0.37,0.08,,0.23,-0.41,,-0.7,-0.48,,-1.35,-0.91,,0.79,-0.78,1.79,,-0.05,0.39,0.91,,-0.84,1.17,,0.64,-0.19,-0.55,,0.74,0.54,-0.3,,-0.42,0.78,,0.61,-0.31,0.48,,-0.04,-0.07,,0.77,0.59,-1.44,,-0.41,0.8,,0.61,0.09,-0.98,,-0.02,0.3,,0.83,0.69,-0.67,1.01,-1.01,-0.28,,-0.34,0.91,,0.55,-0.2,-0.25,0.95,-0.95,0.14,,-0.09,0.03,,-1.44,-0.3,,,,-1.12,0.02,,-0.98,0.48,,0.09,0.39,0.15,0.8,,1,,-0.92,,0.09,0.68,0.49,,1,,-0.63,,0.03,0.6,-0.89,,0.32,0.7,-0.37,,-0.86,0.07,,0.07,0.7,-0.9,,-0.57,0.07,,0.74,0.88,-0.48,,-0.44,0.27,,-0.26,0.43,-1.09,,-0.9,-0.18,,0.4,0.56,-0.3,,-0.77,-0.09,,-0.01,0.73,-0.95,,-0.65,0.08,,-0.48,-0.3,,-0.15,0.03,,-1.09,-0.89,,-0.76,-0.56,,0.81,0.41,-1.46,1.81,-1.81,-1.12,,0.7,0.26,-1.46,,-0.03,0.15,-0.28,0.36,-0.36,-0.21,,-0.7,-0.55,,-1.81,-1.12,,-0.85,-0.16,,-0.36,0.16,,0.75,1.12,,-0.24,0.19,0.06,0.16,-0.05,0.16,,-0.2,0.04,0.06,,0.42,0.04,-0.01,-0.09,0.16,,1.13,1.24,3.35,,-0.71,0.39,-1.25,0.24,0.53,,-0.09,0.16,,0.24,0.53,,-0.78,0.44,-0.56,,-0.07,0.68,,-1.44,1.26,-0.05,,-0.72,1.19,,-0.6,0.19,0.66,,-1.02,0.15,0.67,,-1.25,-0.18,0.38,,-1.66,-0.22,0.39,,-0.18,0.24,-0.83,1.01,-1.01,-0.66,,-0.15,-0.02,,-0.02,0.51,-1.23,1.49,-1.49,-0.98,,-0.13,0.25,,-1.01,-0.66,,-0.87,-0.52,,-1.49,-0.98,,-1.35,-0.83,,-0.84,0.56,-1.04,0.72,0.4,0.72,,-1.29,0.23,0.38,0.51,-0.06,0.51,,0.4,0.72,,-0.06,0.51,,0.91,0.18,-0.35,0.43,-0.43,-0.21,,0.42,0.41,-0.58,0.66,-0.66,-0.5,,-0.43,-0.21,,-0.76,-0.54,,-0.66,-0.5,,-0.99,-0.82,,0.01,-0.87,0.41,,0.04,-1.18,,0.14,0.3,1.49,,0.03,0,,-0.69,0.42,0.61,0.55,0.68,,-0.65,0.11,,-0.42,0.18,0.33,0.47,0.18,0.47,,-0.54,-0.13,,-0.18,0.32,-0.43,-0.54,-0.32,,-0.86,-0.98,,,,,-0.16,0.17,,0.18,0.47,,0.18,0.47,,0.55,0.68,,0.66,0.8,,1.08,1,,1.17,0.22,1.17,0.22,,0.95,2.65,-0.73,,-0.65,-0.38,0.48,,-0.24,-0.41,-0.27,,1.01,,-1.22,-1.38,-0.91,,-1.23,-0.55,0.19
FR320009010231,1/9/2020,10:26:48 PM,,-0.29,1.21,-0.43,,0.14,,,,,,0.56,,,,,,-0.63,,,,,,,0.08,,,,,,,-0.38,,,,,,,0.18,,,,,,,0.27,0.01,0.75,,0.48,,,,0.84,,-0.29,0.56,,0.25,,,,0.77,,0.63,-0.63,0.27,,-0.76,0.14,,-1.51,2.25,-0.23,0.69,-0.69,-0.22,,-2.18,2.83,,-0.29,-0.83,0.61,0.91,0.31,0.91,,-1.31,-0.25,,-0.69,-0.22,,-0.77,-0.3,,0.31,0.91,,0.23,0.83,,0.2,0.51,,-0.16,0.07,,0.74,0.02,1.09,0.92,0.55,0.92,,1.06,0.42,0.57,1.27,0.84,1.27,,0.55,0.92,,0.84,1.27,,-0.04,-0.13,0.95,-0.16,0.07,,-0.15,-0.14,2.72,,0.36,0.56,0.98,0.2,0.51,,0.64,0.42,3.13,,-0.45,0.58,-0.38,0.55,-0.55,-0.42,,-0.06,0.75,0.48,1.16,0.07,1.16,,-0.55,-0.42,,0.07,1.16,,-0.12,-0.4,,-1.7,0.69,0.07,,0.94,-0.57,-0.36,,-0.33,-0.12,,-0.1,0.81,0.47,-0.36,-0.08,,-0.83,0.79,-0.62,,0.15,-0.24,-0.24,-0.18,0.51,,-1.06,-0.66,-0.8,,-1.45,-1.17,,-0.74,-0.05,,-1.04,1.02,-1.45,1.69,-1.69,-1.21,,-2.08,-2.4,0.13,0.67,-0.4,0.67,,-1.05,-0.18,-0.76,,-0.01,,-1.2,,-1.69,-1.21,,-0.4,0.67,,1.05,2.12,,-0.08,-0.54,0.5,0.21,-0.21,0.05,,-0.96,-0.6,,-0.17,0.47,0.5,0.4,-0.4,0.05,,0.05,-0.07,,-0.94,-0.69,,-1.45,-1.01,,0.76,-0.2,0.98,,-0.47,0.4,0.83,,-1.24,0.6,,0.61,-0.14,-0.19,,0.72,0.62,-0.11,,-0.35,0.81,,0.55,-0.29,0.94,,-0.08,-0.1,,0.67,0.62,-1.26,,-0.42,0.77,,0.57,0.09,-0.59,,-0.03,0.25,,0.68,0.73,-0.48,0.82,-0.82,-0.09,,-0.4,0.9,,0.5,-0.19,0.17,0.52,-0.41,0.52,,-0.12,-0.02,,-1.26,-0.11,,,,-1.34,-0.19,,-0.59,0.94,,-0.02,0.6,0.19,1.2,,1.02,,-0.42,,-0.08,0.96,0.52,,0.97,,-0.06,,0.05,0.55,-0.75,,0.28,0.83,-0.04,,-0.81,0.26,,0.08,0.62,-0.74,,-0.54,0.04,,0.67,0.85,-0.19,,-0.41,0.29,,-0.25,0.37,-0.96,,-0.86,-0.19,,0.49,0.56,0.09,,-0.6,-0.04,,0.01,0.68,-0.8,,-0.6,0.08,,-0.19,0.09,,-0.27,0.01,,-0.96,-0.74,,-1.04,-0.82,,0.83,0.43,-1.43,1.78,-1.78,-1.08,,0.76,0.18,-1.43,,-0.03,0.25,-0.33,0.42,-0.42,-0.25,,-0.67,-0.38,,-1.78,-1.08,,-0.97,-0.27,,-0.42,0.09,,0.57,0.9,,-0.18,0.32,-0.01,0.1,-0.1,0.09,,-0.15,0.07,-0.01,,0.31,-0.01,0.06,-0.13,0.12,,1.1,1.31,3.42,,-0.78,0.37,-1.25,0.23,0.51,,-0.13,0.12,,0.23,0.51,,-0.83,0.58,-0.63,,-0.05,0.62,,-1.39,1.33,-0.15,,-0.61,1.09,,-0.52,0.13,0.63,,-0.83,0.14,0.56,,-1.11,-0.22,0.36,,-1.42,-0.21,0.3,,-0.18,0.37,-0.95,1.1,-1.1,-0.8,,-0.15,0.04,,0.07,0.61,-1.2,1.46,-1.46,-0.95,,0,0.28,,-1.1,-0.8,,-0.93,-0.63,,-1.46,-0.95,,-1.29,-0.78,,-0.78,0.39,-1.07,0.52,0.26,0.52,,-1.39,0.26,0.24,0.78,-0.27,0.78,,0.26,0.52,,-0.27,0.78,,0.65,-0.14,-0.46,0.53,-0.53,-0.34,,0.57,0.78,-0.63,0.69,-0.69,-0.55,,-0.53,-0.34,,-0.78,-0.6,,-0.69,-0.55,,-0.95,-0.8,,0.07,-0.65,0.63,,0.11,-1.02,,0.11,0.38,1.41,,0.03,0.01,,-0.73,0.55,0.66,0.51,0.82,,-0.7,0.17,,-0.35,0.33,0.25,0.4,0.11,0.4,,-0.42,-0.04,,-0.2,0.38,-0.7,-0.78,-0.61,,-0.85,-0.79,,,,,-0.17,0.12,,0.11,0.4,,0.11,0.4,,0.51,0.82,,0.68,0.99,,1.29,1.42,,0.94,0.31,0.94,0.31,,1.04,2.56,-0.61,,-0.67,-0.27,0.48,,-0.25,-0.55,-0.39,,0.98,,-1.12,-1.06,-0.72,,-1.34,-0.61,0.1
FR320009010232,1/9/2020,10:36:54 PM,,-0.51,1.22,0.02,,-0.03,,,,,,0.26,,,,,,-0.61,,,,,,,-0.24,,,,,,,-0.45,,,,,,,-0.1,,,,,,,0.02,-0.54,0.74,,0.5,,,,0.77,,-0.51,0.26,,0.16,,,,0.58,,0.61,-0.61,0.02,,-0.46,0.17,,-1.63,2.31,-0.1,0.57,-0.57,-0.09,,-2.23,3.26,,-0.56,-1.21,0.62,0.95,0.28,0.95,,-1.63,-0.27,,-0.57,-0.09,,-0.15,0.34,,0.28,0.95,,0.71,1.38,,-0.04,0.29,,-0.24,0,,0.5,-0.07,0.96,0.67,0.33,0.67,,0.83,0.32,0.35,1.07,0.59,1.07,,0.33,0.67,,0.59,1.07,,-0.12,-0.37,1.11,-0.24,0,,-0.3,0.15,2.54,,0.12,0.36,0.93,-0.04,0.29,,0.53,0.58,3.62,,-0.28,0.84,-0.26,0.45,-0.45,-0.38,,-0.17,0.44,0.52,1.14,0.04,1.14,,-0.45,-0.38,,0.04,1.14,,0,-0.49,,-1.6,0.8,0.13,,0.91,-0.74,-0.16,,-0.34,-0.04,,0.14,0.8,0.61,-0.15,0.13,,-0.36,0.87,-0.35,,0.09,-0.41,-0.12,-0.26,0.41,,-0.83,-0.73,-0.48,,-1.11,-0.83,,-0.61,0.06,,-1.01,1.15,-1.21,1.47,-1.47,-0.95,,-2.14,-1.84,0.32,0.9,-0.26,0.9,,-1.15,0.5,-0.56,,-0.15,,-0.65,,-1.47,-0.95,,-0.26,0.9,,0.95,2.11,,-0.18,-0.7,0.41,0.29,-0.29,-0.07,,-1.04,-0.55,,-0.33,0.32,0.36,0.56,-0.56,-0.1,,-0.01,0.01,,-0.78,-0.56,,-1.39,-0.93,,0.72,-0.69,1.58,,-0.59,0.35,0.82,,-1.31,1.05,,0.52,-0.37,-0.68,,0.46,0.46,-0.16,,-0.67,0.88,,0.49,-0.49,0.35,,-0.06,-0.06,,0.41,0.48,-1.3,,-0.75,0.86,,0.52,-0.12,-1.04,,0.01,0.26,,0.48,0.57,-0.55,0.87,-0.87,-0.16,,-0.66,0.97,,0.44,-0.32,-0.34,1.04,-1.04,0.03,,-0.08,0.08,,-1.3,-0.16,,,,-0.88,0.27,,-1.04,0.35,,0.13,0.28,0.56,0.62,,1.14,,-0.87,,0.09,0.59,0.9,,1.09,,-0.56,,-0.19,0.55,-1.06,,0.03,0.78,0.05,,-1.12,0.19,,-0.5,0.23,-1.04,,-1.02,-0.36,,0.45,0.84,-0.07,,-0.7,0.27,,-0.41,0.31,-1.42,,-0.93,-0.26,,0.06,0.64,0.15,,-1.08,0.02,,-0.15,0.79,-1.11,,-0.67,0.18,,-0.07,0.15,,0.35,0.58,,-1.42,-1.04,,-1,-0.61,,0.74,0.47,-1.2,1.5,-1.5,-0.9,,0.96,0.12,-1.2,,-0.25,0.35,-0.39,0.48,-0.48,-0.31,,-0.81,-0.31,,-1.5,-0.9,,-0.35,0.26,,-0.48,-0.14,,0.85,1.02,,-0.42,0.35,-0.25,0.36,-0.36,-0.14,,-0.17,0,-0.25,,0.13,-0.29,0.26,-0.42,-0.15,,0.96,1.7,3.9,,-0.83,0.36,-1.44,0.21,0.51,,-0.42,-0.15,,0.21,0.51,,-1.03,0.52,-0.32,,-0.19,1.12,,-1.73,1.27,0.19,,-0.9,1.63,,-1.06,0.27,0.79,,-1.19,0.56,0.53,,-1.67,-0.05,0.54,,-1.8,0.24,0.28,,-0.45,0.43,-1.09,1.25,-1.25,-0.93,,-0.2,0.05,,-0.17,0.71,-1.25,1.51,-1.51,-1,,0.05,0.34,,-1.25,-0.93,,-1.06,-0.74,,-1.51,-1,,-1.32,-0.8,,-1.03,0.5,-1.15,0.66,0.34,0.66,,-2.18,0.47,0.28,0.67,0.26,0.67,,0.34,0.66,,0.26,0.67,,0.39,0.18,-0.39,0.46,-0.46,-0.27,,0.01,0.56,-0.45,0.49,-0.49,-0.39,,-0.46,-0.27,,-0.53,-0.34,,-0.49,-0.39,,-0.56,-0.46,,-0.05,-0.66,0.58,,0.2,-1.04,,-0.1,0.4,1.52,,0.12,0.01,,-0.87,0.58,0.77,0.65,0.89,,-0.62,0.2,,-0.62,0.24,0.07,0.24,-0.1,0.24,,-0.39,-0.15,,-0.49,0.39,-0.39,-0.58,-0.2,,-1.06,-0.98,,,,,-0.24,0.04,,-0.1,0.24,,-0.1,0.24,,0.65,0.89,,0.97,1.21,,1.24,1.09,,0.9,-0.02,0.9,-0.02,,1.04,2.45,-0.45,,-1,-0.65,0.86,,-0.48,-0.43,-0.34,,1,,-1.25,-1.31,-0.88,,-1.5,-0.41,-0.04
FR320009010233,1/9/2020,10:38:02 PM,,-0.47,1.04,-0.08,,0.04,,,,,,0.21,,,,,,-0.56,,,,,,,-0.23,,,,,,,-0.34,,,,,,,-0.06,,,,,,,0.12,-0.55,0.73,,0.44,,,,0.68,,-0.47,0.21,,0.23,,,,0.6,,0.56,-0.56,0.12,,-0.43,0.26,,-1.55,2.23,-0.12,0.61,-0.61,-0.08,,-2.07,2.95,,-0.3,-1.3,0.55,0.9,0.2,0.9,,-1.24,-0.59,,-0.61,-0.08,,-0.43,0.1,,0.2,0.9,,0.38,1.08,,0.08,0.39,,-0.16,0.07,,0.56,-0.08,1.02,0.72,0.39,0.72,,0.91,0.28,0.35,1.14,0.68,1.14,,0.39,0.72,,0.68,1.14,,-0.05,-0.28,1.13,-0.16,0.07,,-0.21,0.11,2.61,,0.24,0.42,1.02,0.08,0.39,,0.64,0.67,3.67,,-0.14,0.81,-0.28,0.48,-0.48,-0.38,,-0.06,0.37,0.42,1.02,-0.06,1.02,,-0.48,-0.38,,-0.06,1.02,,-0.03,-0.42,,-1.58,0.7,0.1,,1.04,-0.91,-0.24,,-0.43,-0.04,,0.22,0.73,0.52,-0.05,0.24,,-0.34,0.81,-0.5,,0.19,-0.49,-0.19,-0.18,0.53,,-0.91,-0.77,-0.54,,-1.07,-0.78,,-0.53,0.18,,-0.79,1.31,-1.13,1.37,-1.37,-0.89,,-1.94,-1.59,0.33,0.91,-0.25,0.91,,-1.01,0.36,-0.37,,-0.21,,-0.95,,-1.37,-0.89,,-0.25,0.91,,0.88,2.04,,-0.11,-0.67,0.36,0.22,-0.22,0,,-1,-0.66,,-0.15,0.32,0.34,0.35,-0.35,0.06,,0.04,0,,-0.78,-0.56,,-1.27,-0.86,,0.86,-0.64,1.67,,-0.17,0.53,0.75,,-1.03,1.18,,0.45,-0.2,-0.42,,0.59,0.59,-0.19,,-0.41,0.84,,0.54,-0.36,0.64,,0.07,-0.11,,0.53,0.61,-1.34,,-0.49,0.82,,0.45,0.03,-0.84,,0.01,0.24,,0.56,0.68,-0.58,0.9,-0.9,-0.19,,-0.44,0.91,,0.42,-0.24,-0.1,0.74,-0.74,0.23,,-0.04,-0.01,,-1.34,-0.19,,,,-1.16,-0.01,,-0.84,0.64,,0.22,0.59,0.45,1.27,,1.01,,-0.72,,0.1,0.97,0.76,,0.9,,-0.35,,-0.11,0.63,-0.76,,0.16,0.68,0.06,,-0.85,0.02,,-0.07,0.7,-0.74,,-0.52,0.04,,0.56,0.86,-0.01,,-0.46,0.22,,-0.37,0.5,-0.99,,-0.82,-0.15,,0.31,0.48,0.09,,-0.71,-0.2,,-0.14,0.98,-0.75,,-0.59,0.29,,-0.01,0.09,,0.17,0.27,,-0.99,-0.74,,-0.81,-0.55,,0.75,0.51,-1.42,1.74,-1.74,-1.1,,0.87,0.15,-1.42,,-0.15,0.36,-0.61,0.71,-0.71,-0.52,,-0.63,-0.37,,-1.74,-1.1,,-0.93,-0.29,,-0.71,-0.12,,0.3,0.69,,-0.34,0.36,-0.23,0.35,-0.35,-0.12,,-0.19,0,-0.23,,0.16,-0.68,0.19,-0.84,-0.51,,1.1,1.52,3.75,,-0.93,0.12,-1.33,0,0.25,,-0.84,-0.51,,0,0.25,,-1.05,0.45,-0.74,,-0.12,0.59,,-1.72,1.25,-0.36,,-0.78,0.96,,-1.14,0.31,0.71,,-1.3,0.99,0.52,,-1.61,-0.01,0.46,,-1.77,0.66,0.27,,-0.31,0.49,-0.84,1.01,-1.01,-0.68,,-0.16,0.11,,-0.09,0.71,-1.21,1.47,-1.47,-0.95,,0.04,0.33,,-1.01,-0.68,,-0.7,-0.38,,-1.47,-0.95,,-1.16,-0.64,,-1.84,0.41,-0.89,0.49,0.33,0.49,,-1.75,0.5,0.24,0.56,0.43,0.56,,0.33,0.49,,0.43,0.56,,0.47,0.16,-0.33,0.4,-0.4,-0.23,,0.28,0.93,-0.79,0.88,-0.88,-0.71,,-0.4,-0.23,,-0.18,-0.01,,-0.88,-0.71,,-0.66,-0.5,,-0.13,-0.64,0.35,,0.02,-1.03,,-0.07,0.47,1.23,,0.05,0.08,,-0.76,0.63,0.3,0.22,0.38,,-0.61,0.24,,-0.43,0.29,-0.22,0.33,-0.33,-0.1,,-0.31,-0.1,,-0.37,0.39,-0.93,-0.98,-0.88,,-0.86,-0.97,,,,,-0.22,0.03,,-0.33,-0.1,,-0.33,-0.1,,0.22,0.38,,0.64,0.8,,1.2,1.25,,0.94,0.16,0.94,0.16,,1.09,2.51,-0.56,,-0.92,-0.19,0.77,,-0.26,-0.54,-0.22,,0.97,,-1.26,-1.23,-0.79,,-1.37,-0.75,0.1
FR320009010234,1/9/2020,10:28:22 PM,,-0.44,0.74,-0.33,,0.12,,,,,,0.25,,,,,,-0.54,,,,,,,-0.16,,,,,,,-0.33,,,,,,,-0.04,,,,,,,0.23,-0.48,0.72,,0.42,,,,0.69,,-0.44,0.25,,0.21,,,,0.66,,0.54,-0.54,0.23,,-0.45,0.33,,-1.33,2.03,-0.2,0.65,-0.65,-0.14,,-1.96,2.72,,-0.28,-1.27,0.59,0.91,0.26,0.91,,-1.32,-0.59,,-0.65,-0.14,,-0.23,0.29,,0.26,0.91,,0.68,1.33,,0.17,0.49,,-0.12,0.13,,0.79,-0.11,0.87,0.94,0.64,0.94,,0.99,0.25,0.32,1.24,0.74,1.24,,0.64,0.94,,0.74,1.24,,0.01,-0.41,0.94,-0.12,0.13,,-0.3,0.08,1.97,,0.33,0.35,0.94,0.17,0.49,,0.6,0.62,3.56,,-0.21,0.47,-0.29,0.4,-0.4,-0.35,,0.1,0.23,0.3,0.87,-0.19,0.87,,-0.4,-0.35,,-0.19,0.87,,-0.13,-0.5,,-1.49,0.56,0.09,,1.13,-1.03,-0.5,,-0.56,-0.25,,0.25,0.68,0.59,-0.04,0.28,,-0.54,0.79,-0.28,,0.36,-0.47,-0.25,-0.01,0.72,,-0.99,-0.72,-0.57,,-0.9,-0.59,,-0.33,0.4,,-0.88,1.24,-1.1,1.38,-1.38,-0.83,,-2.02,-1.81,0.39,0.9,-0.13,0.9,,-1.02,0.28,-0.49,,-0.14,,-0.96,,-1.38,-0.83,,-0.13,0.9,,0.98,2,,0.09,-0.67,0.4,0.2,-0.02,0.2,,-0.96,-0.47,,-0.1,0.29,0.22,0.32,-0.32,0.12,,0.05,-0.1,,-0.81,-0.59,,-1.31,-0.88,,0.91,-0.69,1.8,,-0.21,0.56,0.71,,-1.12,1.25,,0.56,-0.18,-0.71,,0.66,0.64,-0.46,,-0.43,0.86,,0.56,-0.31,0.36,,-0.02,-0.08,,0.73,0.65,-1.6,,-0.39,0.84,,0.49,0.04,-1.02,,-0.06,0.23,,0.63,0.73,-0.84,1.17,-1.17,-0.44,,-0.48,0.94,,0.48,-0.23,-0.33,0.97,-0.97,0.02,,-0.09,-0.02,,-1.6,-0.46,,,,-1.18,-0.03,,-1.02,0.36,,0.18,0.41,0.3,0.89,,1.05,,-0.83,,0.08,0.77,0.62,,0.96,,-0.48,,-0.02,0.63,-0.8,,0.13,0.95,0.45,,-0.99,0.29,,-0.08,0.37,-0.71,,-0.64,-0.29,,0.52,0.9,0.06,,-0.59,0.26,,-0.31,0.39,-1.04,,-0.87,-0.25,,0.27,0.74,0.76,,-0.84,0.05,,-0.02,0.77,-0.73,,-0.58,0.08,,0.06,0.76,,0.49,1.19,,-1.04,-0.71,,-0.61,-0.28,,0.74,0.49,-1.21,1.54,-1.54,-0.89,,0.78,0.14,-1.21,,-0.08,0.36,-0.09,0.17,-0.17,-0.01,,-0.67,-0.38,,-1.54,-0.89,,-0.72,-0.07,,-0.17,0.28,,0.8,1.1,,-0.33,0.36,0.18,0.28,0.08,0.28,,-0.25,0.01,0.18,,0.36,-0.55,0.46,-0.71,-0.39,,0.95,1.38,3.36,,-0.59,0.03,-0.93,-0.13,0.19,,-0.71,-0.39,,-0.13,0.19,,-0.75,0.67,-0.42,,-0.17,0.5,,-1.46,1.45,0.18,,-0.87,1.11,,-0.64,0.2,0.72,,-1,0.75,0.26,,-1.16,-0.12,0.51,,-1.52,0.43,0.05,,-0.31,0.39,-0.87,1.02,-1.02,-0.72,,-0.24,0.01,,-0.04,0.66,-1.27,1.51,-1.51,-1.02,,0,0.27,,-1.02,-0.72,,-0.98,-0.68,,-1.51,-1.02,,-1.47,-0.97,,-1.44,0.46,-0.95,0.62,0.3,0.62,,-1.42,0.45,-0.1,1.06,-0.17,1.06,,0.3,0.62,,-0.17,1.06,,1.31,-0.11,-0.52,0.58,-0.58,-0.4,,1.03,0.56,-0.52,0.6,-0.6,-0.48,,-0.58,-0.4,,-0.66,-0.48,,-0.6,-0.48,,-0.68,-0.56,,-0.07,-0.61,0.3,,0.01,-1.01,,-0.02,0.41,1.05,,0.02,0.02,,-0.86,0.6,0.53,0.45,0.62,,-0.78,0.2,,-0.52,0.22,0.08,0.21,-0.05,0.21,,-0.48,-0.18,,-0.39,0.4,-0.65,-0.76,-0.54,,-0.99,-0.95,,,,,-0.31,0.04,,-0.05,0.21,,-0.05,0.21,,0.45,0.62,,0.4,0.58,,1.2,1.16,,1.75,0.8,1.75,0.8,,1.21,2.49,-0.63,,-0.68,-0.16,0.82,,-0.25,-0.55,-0.05,,1.01,,-1.18,-1.28,-0.74,,-1.22,-0.86,0.36
FR320009010241,1/9/2020,10:35:08 PM,,-0.4,1.37,-0.44,,-0.1,,,,,,0.47,,,,,,-0.77,,,,,,,-0.05,,,,,,,-0.51,,,,,,,0.12,,,,,,,0,-0.43,0.61,,0.52,,,,0.87,,-0.4,0.47,,0.26,,,,0.67,,0.77,-0.77,0,,-0.8,-0.03,,-1.7,2.37,-0.31,0.77,-0.77,-0.33,,-2.15,3,,-0.59,-1.05,0.55,0.88,0.22,0.88,,-1.36,-0.42,,-0.77,-0.33,,-1.03,-0.58,,0.22,0.88,,-0.03,0.62,,-0.14,0.2,,-0.26,-0.04,,0.52,-0.05,1.06,0.67,0.36,0.67,,0.7,0.3,0.54,0.94,0.46,0.94,,0.36,0.67,,0.46,0.94,,-0.15,-0.26,0.94,-0.26,-0.04,,-0.21,-0.12,2.7,,0.03,0.44,0.92,-0.14,0.2,,0.64,0.38,3.15,,-0.34,0.68,-0.35,0.54,-0.54,-0.41,,0.02,0.48,0.48,1.12,0.02,1.12,,-0.54,-0.41,,0.02,1.12,,-0.05,-0.48,,-1.72,0.62,-0.03,,0.95,-0.57,-0.44,,-0.36,-0.19,,0.02,0.66,0.45,-0.22,0.05,,-0.5,0.72,-0.61,,0.18,-0.21,-0.25,-0.15,0.56,,-0.7,-0.51,-0.79,,-1.29,-1.02,,-0.69,0.02,,-1.04,1.19,-1.28,1.52,-1.52,-1.05,,-2.22,-2.26,0.22,0.72,-0.27,0.72,,-1.25,0.05,-0.64,,-0.21,,-1.14,,-1.52,-1.05,,-0.27,0.72,,1.01,2,,-0.09,-0.71,0.45,0.21,-0.21,0.03,,-1.06,-0.61,,-0.38,0.34,0.52,0.6,-0.6,-0.15,,0.04,-0.01,,-0.73,-0.49,,-1.3,-0.85,,0.56,-0.06,0.53,,-0.46,0.45,0.76,,-1.02,0.5,,0.4,-0.24,-0.01,,0.28,0.57,-0.17,,-0.53,0.85,,0.38,-0.42,1.16,,-0.04,-0.14,,0.29,0.6,-1.34,,-0.54,0.85,,0.43,-0.02,-0.47,,0.04,0.23,,0.29,0.68,-0.62,0.92,-0.92,-0.32,,-0.53,0.95,,0.29,-0.28,0.34,0.62,-0.18,0.62,,-0.11,-0.02,,-1.34,-0.17,,,,-1.59,-0.43,,-0.47,1.16,,-0.14,0.61,0.24,1.26,,0.89,,-0.58,,-0.29,0.91,0.58,,0.74,,-0.29,,-0.23,0.38,-0.48,,-0.09,0.5,0.02,,-0.91,0.1,,-0.09,0.47,-0.5,,-0.49,0.06,,0.34,0.57,-0.06,,-0.48,0.19,,-0.41,0.15,-0.69,,-0.81,-0.24,,0.05,0.31,0.07,,-0.77,-0.11,,-0.16,0.52,-0.53,,-0.56,0.1,,-0.06,0.07,,-0.31,-0.18,,-0.69,-0.48,,-0.94,-0.74,,0.53,0.14,-1.22,1.55,-1.55,-0.9,,0.57,0.07,-1.22,,-0.23,0.06,-0.24,0.31,-0.31,-0.16,,-0.65,-0.39,,-1.55,-0.9,,-0.99,-0.35,,-0.31,0.25,,0.39,0.81,,-0.37,0.02,0.14,0.25,0.03,0.25,,-0.13,-0.04,0.14,,0.22,-0.63,0.42,-0.77,-0.48,,1.2,1.74,4.21,,-0.97,0.04,-1.31,-0.07,0.15,,-0.77,-0.48,,-0.07,0.15,,-1.19,0.62,-0.69,,-0.21,0.62,,-1.15,1.44,-0.27,,-0.18,1.05,,-1.08,0.21,0.63,,-1.3,0.83,0.21,,-1.67,-0.11,0.4,,-1.89,0.51,-0.02,,-0.32,0.16,-0.87,1.03,-1.03,-0.71,,-0.08,-0.04,,-0.27,0.57,-1.16,1.42,-1.42,-0.91,,-0.22,0.38,,-1.03,-0.71,,-0.92,-0.59,,-1.42,-0.91,,-1.3,-0.79,,-2,0.36,-0.74,0.48,0.23,0.48,,-1.97,0.32,0.2,0.97,-0.34,0.97,,0.23,0.48,,-0.34,0.97,,0.7,-0.09,-0.55,0.61,-0.61,-0.44,,0.65,0.87,-0.76,0.83,-0.83,-0.71,,-0.61,-0.44,,-0.82,-0.65,,-0.83,-0.71,,-1.04,-0.92,,-0.23,-0.86,0.32,,0.02,-1.12,,-0.24,0.28,1.13,,-0.19,0.02,,-0.84,0.39,0.5,0.42,0.58,,-0.6,0.11,,-0.78,0.04,0.21,0.34,0.08,0.34,,-0.73,-0.24,,-0.39,0.28,-0.6,-0.81,-0.38,,-0.82,-0.65,,,,,-0.16,0.22,,0.08,0.34,,0.08,0.34,,0.42,0.58,,0.47,0.63,,1.23,0.96,,1.11,0.64,1.11,0.64,,0.88,2.31,-0.4,,-0.91,-0.04,0.81,,-0.41,-0.63,-0.33,,0.89,,-1.4,-1.12,-0.73,,-1.61,-0.79,0.16
FR320009010242,1/9/2020,10:39:06 PM,,-0.41,1.21,-0.13,,0.02,,,,,,0.34,,,,,,-0.62,,,,,,,-0.08,,,,,,,-0.37,,,,,,,-0.01,,,,,,,0.15,-0.47,0.6,,0.42,,,,0.75,,-0.41,0.34,,0.25,,,,0.65,,0.62,-0.62,0.15,,-0.58,0.19,,-1.58,2.24,-0.23,0.7,-0.7,-0.21,,-2.13,2.86,,-0.49,-1.1,0.47,0.79,0.13,0.79,,-1.38,-0.49,,-0.7,-0.21,,-0.24,0.24,,0.13,0.79,,0.59,1.24,,-0.04,0.28,,-0.21,0.04,,0.59,-0.1,1.1,0.75,0.43,0.75,,0.82,0.33,0.59,1.04,0.6,1.04,,0.43,0.75,,0.6,1.04,,-0.09,-0.34,1.04,-0.21,0.04,,-0.24,-0.05,2.19,,0.12,0.35,0.95,-0.04,0.28,,0.52,0.36,3.2,,-0.23,0.78,-0.32,0.53,-0.53,-0.39,,0.06,0.33,0.45,1.05,-0.04,1.05,,-0.53,-0.39,,-0.04,1.05,,-0.04,-0.45,,-1.56,0.62,0.07,,1.18,-0.62,-0.64,,-0.34,-0.35,,-0.01,0.66,0.51,-0.28,0.01,,-0.61,0.76,-0.59,,0.3,-0.29,-0.29,-0.02,0.65,,-0.82,-0.62,-0.87,,-1.37,-1.09,,-0.6,0.06,,-1.13,1.32,-1.3,1.51,-1.51,-1.09,,-2.21,-1.54,0.3,0.87,-0.27,0.87,,-1.28,0.58,-0.42,,-0.15,,-0.75,,-1.51,-1.09,,-0.27,0.87,,1.03,2.17,,-0.16,-0.66,0.33,0.29,-0.29,-0.04,,-0.97,-0.77,,-0.25,0.43,0.32,0.47,-0.47,-0.03,,0.1,-0.26,,-0.88,-0.63,,-1.29,-0.85,,0.03,-0.2,0.71,,-0.36,0.29,0.62,,-0.4,0.49,,0.49,-0.19,-0.76,,0.45,0.56,-0.22,,-0.49,0.79,,0.47,-0.36,0.35,,-0.03,-0.13,,0.51,0.56,-1.37,,-0.46,0.76,,0.43,0.03,-1.05,,-0.05,0.23,,0.48,0.61,-0.6,0.94,-0.94,-0.21,,-0.47,0.83,,0.4,-0.23,-0.35,0.99,-0.99,0,,-0.09,-0.02,,-1.37,-0.22,,,,-0.92,0.24,,-1.05,0.35,,0,0.63,-0.04,1.26,,1.13,,-0.69,,-0.15,1.02,0.31,,0.99,,-0.31,,-0.21,0.5,-0.91,,0.07,0.68,-0.04,,-0.89,0.15,,-0.16,0.39,-0.89,,-0.65,-0.14,,0.48,0.78,-0.14,,-0.48,0.27,,-0.43,0.3,-1.19,,-0.92,-0.21,,0.17,0.44,0.02,,-0.79,-0.11,,-0.18,0.76,-0.95,,-0.66,0.21,,-0.14,0.02,,0.31,0.47,,-1.19,-0.89,,-0.74,-0.43,,0.66,0.29,-1.48,1.83,-1.83,-1.12,,0.69,0.19,-1.48,,-0.12,0.1,-0.54,0.63,-0.63,-0.45,,-0.63,-0.48,,-1.83,-1.12,,-0.84,-0.14,,-0.63,-0.02,,0.53,0.96,,-0.37,0.19,-0.14,0.25,-0.25,-0.02,,-0.24,0.08,-0.14,,0.12,-0.71,0.18,-0.88,-0.54,,1.07,1.62,3.89,,-0.95,0.01,-1.44,-0.13,0.15,,-0.88,-0.54,,-0.13,0.15,,-1.1,0.59,-0.74,,-0.15,0.7,,-1.79,1.38,-0.37,,-0.84,1.07,,-0.99,0.08,0.55,,-1.11,0.8,0.37,,-1.57,-0.26,0.34,,-1.69,0.46,0.15,,-0.35,0.34,-0.87,1.03,-1.03,-0.71,,-0.22,0.16,,-0.19,0.62,-1.25,1.52,-1.52,-0.98,,-0.16,0.45,,-1.03,-0.71,,-0.76,-0.44,,-1.52,-0.98,,-1.25,-0.71,,-1.9,0.21,-0.68,0.37,0.06,0.37,,-2.14,0.63,0.63,0.9,0.35,0.9,,0.06,0.37,,0.35,0.9,,0.81,0.11,-0.34,0.42,-0.42,-0.22,,0.28,0.35,-0.65,0.74,-0.74,-0.59,,-0.42,-0.22,,-0.44,-0.24,,-0.74,-0.59,,-0.76,-0.61,,-0.2,-0.75,0.52,,-0.08,-0.96,,-0.18,0.27,1.27,,-0.16,0.07,,-0.79,0.42,0.41,0.34,0.48,,-0.66,0.21,,-0.57,0.2,0.02,0.14,-0.1,0.14,,-0.54,-0.01,,-0.42,0.21,-0.84,-0.9,-0.79,,-0.95,-0.9,,,,,-0.31,0.11,,-0.1,0.14,,-0.1,0.14,,0.34,0.48,,0.68,0.82,,1.23,1.27,,1.22,0.13,1.22,0.13,,0.94,2.33,-0.77,,-1.04,-0.15,0.55,,-0.4,-0.5,-0.22,,0.98,,-1.3,-0.99,-0.9,,-1.53,-0.8,-0.06
FR320009010243,1/9/2020,10:40:23 PM,,-0.48,1.04,-0.12,,-0.27,,,,,,0.44,,,,,,-0.8,,,,,,,-0.07,,,,,,,-0.55,,,,,,,-0.25,,,,,,,-0.08,-0.32,0.84,,0.52,,,,0.92,,-0.48,0.44,,0.25,,,,0.53,,0.8,-0.8,-0.08,,-0.71,0.01,,-1.52,2.16,-0.18,0.64,-0.64,-0.14,,-1.86,2.71,,-0.38,-1.06,0.7,1.02,0.37,1.02,,-1.05,-0.52,,-0.64,-0.14,,-0.34,0.16,,0.37,1.02,,0.68,1.33,,0.07,0.38,,-0.3,-0.06,,0.5,-0.03,1.04,0.65,0.34,0.65,,0.87,0.32,0.52,1.09,0.64,1.09,,0.34,0.65,,0.64,1.09,,-0.18,-0.38,0.9,-0.3,-0.06,,-0.36,-0.14,2.48,,0.22,0.41,1.02,0.07,0.38,,0.59,0.5,3.54,,-0.15,0.76,-0.35,0.55,-0.55,-0.43,,0.13,0.4,0.4,1.04,-0.1,1.04,,-0.55,-0.43,,-0.1,1.04,,-0.07,-0.35,,-1.48,0.53,0.16,,1.16,-0.76,-0.59,,-0.42,-0.25,,0.22,0.6,0.51,-0.03,0.24,,-0.27,0.63,-0.54,,0.38,-0.35,-0.34,0.02,0.78,,-0.87,-0.66,-0.86,,-1.07,-0.8,,-0.5,0.26,,-0.83,1.21,-1.38,1.62,-1.62,-1.13,,-1.8,-1.75,0.34,0.81,-0.12,0.81,,-0.93,0.26,-0.54,,-0.09,,-0.94,,-1.62,-1.13,,-0.12,0.81,,1.26,2.19,,-0.2,-0.72,0.45,0.33,-0.33,-0.09,,-1.09,-0.59,,-0.13,0.34,0.41,0.34,-0.34,0.08,,0.02,-0.11,,-0.83,-0.59,,-1.21,-0.79,,0.95,-0.4,1.51,,-0.23,0.42,0.67,,-1.19,0.82,,0.29,-0.14,-0.55,,0.48,0.55,-0.43,,-0.24,0.74,,0.39,-0.31,0.51,,0.09,-0.13,,0.44,0.6,-1.58,,-0.3,0.75,,0.37,0.11,-0.95,,0.09,0.26,,0.46,0.71,-0.8,1.11,-1.11,-0.41,,-0.26,0.87,,0.32,-0.19,-0.22,0.96,-0.96,0.16,,0.03,-0.03,,-1.58,-0.43,,,,-1.27,-0.12,,-0.95,0.51,,-0.13,0.52,0.22,1.07,,0.7,,-0.69,,-0.24,0.84,0.54,,0.59,,-0.36,,-0.12,0.5,-0.59,,0.13,0.74,0.17,,-0.6,0.21,,-0.2,0.36,-0.59,,-0.49,-0.17,,0.54,0.82,0.05,,-0.19,0.31,,-0.43,0.32,-0.87,,-0.72,-0.19,,0.25,0.57,0.26,,-0.48,0.03,,-0.1,0.73,-0.67,,-0.39,0.18,,0.05,0.26,,0.35,0.57,,-0.87,-0.59,,-0.57,-0.28,,0.62,0.38,-0.89,1.2,-1.2,-0.58,,0.49,0.23,-0.89,,-0.17,0.15,-0.23,0.32,-0.32,-0.14,,-0.49,-0.44,,-1.2,-0.58,,-0.52,0.1,,-0.32,0.25,,0.54,0.93,,-0.41,0.19,0.15,0.25,0.04,0.25,,-0.22,0.05,0.15,,0.37,-0.91,0.58,-1.08,-0.75,,1.11,1.47,3.68,,-0.74,0.17,-0.89,0.07,0.27,,-1.08,-0.75,,0.07,0.27,,-0.67,0.53,-0.42,,0.08,0.47,,-1.37,1.32,0.14,,-0.63,1.03,,-0.54,0.06,0.59,,-0.9,0.97,0.01,,-1.08,-0.28,0.4,,-1.45,0.63,-0.18,,-0.37,0.36,-0.89,1.03,-1.03,-0.75,,-0.18,-0.01,,-0.2,0.67,-1.24,1.48,-1.48,-1,,-0.33,0.3,,-1.03,-0.75,,-0.92,-0.63,,-1.48,-1,,-1.36,-0.89,,-1.63,0.37,-0.98,0.49,0.25,0.49,,-1.24,0.42,-0.37,0.69,0.15,0.69,,0.25,0.49,,0.15,0.69,,0.79,0.17,-0.63,0.7,-0.7,-0.52,,0.53,0.62,-0.5,0.57,-0.57,-0.45,,-0.7,-0.52,,-0.23,-0.05,,-0.57,-0.45,,-0.1,0.02,,-0.19,-0.7,0.07,,0.01,-1.18,,-0.26,0.5,0.85,,-0.39,0.02,,-0.94,0.66,-0.05,-0.15,0.04,,-0.75,0.15,,-0.63,0.22,-0.47,0.53,-0.53,-0.41,,-0.76,-0.29,,-0.43,0.51,-1.05,-1.13,-0.98,,-0.75,-0.56,,,,,-0.25,0.36,,-0.53,-0.41,,-0.53,-0.41,,-0.15,0.04,,-0.11,0.09,,0.98,1.02,,1.26,0.61,1.26,0.61,,1.07,2.43,-0.42,,-0.77,-0.17,0.97,,-0.25,-0.52,-0.36,,0.93,,-1.44,-0.91,-0.72,,-1.45,-0.87,0.43
FR120013010000,1/13/2020,7:17:40 AM,,-0.32,1.21,-0.29,,0.38,,,,,,0.41,,,,,,-0.14,,,,,,,-0.09,,,,,,,0.13,,,,,,,-0.05,,,,,,,0.54,-0.74,0.67,,0.5,,,,0.73,,-0.32,0.41,,0.27,,,,0.52,,0.54,-0.14,0.54,,-0.12,0.56,,-0.55,2.65,-0.72,1.18,-1.18,-0.67,,-1.14,3.05,,1.05,-1.49,0.33,0.64,0.01,0.64,,0.15,-1.08,,-1.18,-0.67,,-1.08,-0.57,,0.01,0.64,,0.11,0.74,,1.45,1.78,,1.13,1.37,,0.88,-0.01,1.01,1.04,0.73,1.04,,1.35,0.39,0.49,1.59,1.1,1.59,,0.73,1.04,,1.1,1.59,,1.25,-0.3,0,1.13,1.37,,-0.28,-1.01,2.53,,1.62,0.35,0.08,1.45,1.78,,0.46,-0.42,2.47,,0.76,1.2,-0.97,1.25,-1.25,-1.12,,1.63,0.54,-0.08,0.56,-0.53,0.56,,-1.25,-1.12,,-0.53,0.56,,-0.01,-0.36,,-1.47,0.77,0,,0.56,-0.12,-0.42,,0.15,-0.05,,0.23,0.78,0.36,-0.03,0.27,,-0.66,0.79,-0.65,,0.81,-0.27,-0.38,0.5,1.17,,-1.35,-0.66,-0.87,,-1.04,-0.73,,0.01,0.68,,0.65,1.31,-2.16,2.39,-2.39,-1.92,,-0.84,-1.64,-0.57,1.06,-1.06,-0.08,,-1.08,0.41,-0.53,,-1.73,,-0.9,,-2.39,-1.92,,-1.06,-0.08,,1.1,2.08,,0.26,-0.39,0.53,0.39,0.13,0.39,,-0.78,-0.47,,0.25,0.63,0.44,0.45,0.06,0.45,,0.23,-0.06,,-0.75,-0.5,,-1.28,-0.9,,0.92,-0.14,1.22,,0.07,0.77,0.76,,-0.85,0.9,,0.54,-0.02,-0.36,,0.7,0.71,-0.17,,-0.24,0.77,,0.54,-0.15,0.69,,-0.01,-0.09,,0.69,0.78,-1.31,,-0.27,0.81,,0.49,0.19,-0.72,,-0.04,0.22,,0.67,0.87,-0.57,0.88,-0.88,-0.17,,-0.28,0.91,,0.44,-0.05,-0.02,0.67,-0.67,0.34,,-0.1,0,,-1.31,-0.17,,,,-1.21,-0.07,,-0.72,0.69,,0.91,1.14,-0.4,2.91,,0.25,,-0.17,,0.7,1.31,-0.09,,0.05,,0,,-0.4,0.59,-0.88,,0.32,0.84,0.36,,-0.63,0.22,,-0.4,0.5,-0.47,,-0.94,-0.12,,0.62,0.94,0.17,,-0.33,0.34,,-0.69,0.34,-0.92,,-1.23,-0.26,,0.53,0.7,0.5,,-0.42,0.07,,-0.4,0.62,-0.31,,-0.94,-0.01,,0.17,0.5,,0.27,0.6,,-0.92,-0.31,,-0.82,-0.21,,0.92,0.61,-1.28,1.59,-1.59,-0.98,,1.23,0.36,-1.28,,-0.37,0.25,-0.35,0.41,-0.41,-0.28,,-0.93,-0.42,,-1.59,-0.98,,-0.95,-0.33,,-0.41,0,,0.36,0.65,,-0.59,0.16,-0.1,0.19,-0.19,0,,-0.22,-0.09,-0.1,,0.35,-0.51,0.36,-0.69,-0.34,,1.34,1.48,3.99,,-0.99,0.45,-1.12,0.33,0.57,,-0.69,-0.34,,0.33,0.57,,-1.22,0.59,-0.73,,-0.23,0.39,,-1.99,1.34,-0.32,,-1,0.8,,-0.75,0.34,0.79,,-1.1,0.85,0.44,,-1.36,-0.02,0.5,,-1.71,0.5,0.14,,-0.44,0.39,-0.96,1.13,-1.13,-0.79,,-0.07,0.1,,-0.19,0.68,-1.34,1.6,-1.6,-1.09,,0.13,0.39,,-1.13,-0.79,,-0.95,-0.61,,-1.6,-1.09,,-1.43,-0.91,,-2.31,0.2,-0.87,0.26,0.15,0.26,,-1.97,0.6,0.12,0.83,0.37,0.83,,0.15,0.26,,0.37,0.83,,0.81,0.51,-0.4,0.46,-0.46,-0.3,,0.52,0.45,-0.45,0.55,-0.55,-0.39,,-0.46,-0.3,,-0.21,-0.04,,-0.55,-0.39,,-0.29,-0.14,,0,-0.59,0.28,,0.38,-0.9,,-0.06,0.53,1.12,,0.26,0.21,,-1.04,0.63,0.1,0.04,0.17,,-0.67,0.31,,-0.63,0.25,-0.25,0.34,-0.34,-0.17,,-0.32,-0.06,,-0.62,0.32,-1.24,-1.39,-1.09,,-1.19,-0.81,,,,,-0.25,0.07,,-0.34,-0.17,,-0.34,-0.17,,0.04,0.17,,0.26,0.39,,1.43,1.26,,1.13,-0.02,1.13,-0.02,,1.49,2.87,-0.32,,-0.79,0.14,1.02,,-0.03,-0.44,-0.28,,0.95,,-1.34,-0.44,-0.45,,-1.49,-0.23,0.53
FR120013010001,1/13/2020,7:16:34 AM,,-0.23,1.05,0.03,,0.27,,,,,,0.56,,,,,,-0.33,,,,,,,0.08,,,,,,,-0.1,,,,,,,0.11,,,,,,,0.39,-0.54,1.04,,0.48,,,,0.79,,-0.23,0.56,,0.23,,,,0.59,,0.39,-0.33,0.39,,-0.46,0.25,,-0.43,2.49,-0.45,0.89,-0.89,-0.39,,-0.87,3.05,,0.83,-1.5,0.5,0.83,0.17,0.83,,-0.04,-0.93,,-0.89,-0.39,,-0.65,-0.15,,0.17,0.83,,0.41,1.06,,1.14,1.47,,0.97,1.2,,0.75,-0.03,1.15,0.92,0.58,0.92,,1.01,0.38,0.63,1.25,0.78,1.25,,0.58,0.92,,0.78,1.25,,1.08,-0.29,0.1,0.97,1.2,,-0.27,-1.04,2.42,,1.3,0.44,0.14,1.14,1.47,,0.57,-0.49,2.22,,0.83,1.08,-0.99,1.55,-1.55,-0.8,,1.51,0.43,-0.14,0.63,-0.63,0.51,,-1.55,-0.8,,-0.63,0.51,,-0.08,-0.43,,-1.39,0.69,-0.03,,0.47,-0.2,-0.25,,0.11,0.09,,0.26,0.76,0.4,0.03,0.26,,-0.49,0.79,-0.74,,0.67,-0.31,-0.34,0.35,1.04,,-1.01,-0.68,-0.97,,-1.11,-0.88,,-0.28,0.41,,0.44,1.2,-2.06,2.33,-2.33,-1.78,,-0.87,-1.54,-0.52,1.06,-1.06,0.02,,-1.21,0.47,-0.54,,-1.65,,-0.72,,-2.33,-1.78,,-1.06,0.02,,0.99,2.07,,0.08,-0.66,0.35,0.22,-0.06,0.22,,-1.04,-0.8,,-0.05,0.55,0.27,0.25,-0.25,0.15,,0.17,-0.36,,-0.82,-0.53,,-1.27,-0.86,,0.82,-0.66,1.59,,-0.08,0.31,0.57,,-0.9,0.97,,0.37,-0.03,-0.53,,0.5,0.75,-0.34,,-0.43,0.83,,0.37,-0.18,0.59,,-0.02,-0.1,,0.58,0.77,-1.49,,-0.38,0.82,,0.36,0.16,-0.87,,0,0.21,,0.54,0.91,-0.74,1.05,-1.05,-0.34,,-0.4,0.97,,0.3,-0.08,-0.14,0.76,-0.76,0.18,,-0.07,-0.01,,-1.49,-0.34,,,,-1.25,-0.1,,-0.87,0.59,,0.85,0.86,-0.57,2.42,,0.41,,-0.34,,0.68,1.08,-0.26,,0.24,,-0.12,,-0.73,0.82,-1.17,,0.11,0.91,0.11,,-0.84,0.05,,-0.71,0.76,-1.09,,-1.08,-0.1,,0.5,1.06,0.14,,-0.45,0.22,,-0.98,0.64,-1.41,,-1.34,-0.2,,0.3,0.63,0.08,,-0.65,-0.25,,-0.69,1.14,-1.13,,-1.05,0.25,,0.08,0.14,,0.32,0.37,,-1.41,-1.09,,-1.17,-0.86,,0.77,0.59,-1.45,1.79,-1.79,-1.11,,1.43,0.21,-1.45,,-0.66,0.38,-0.49,0.57,-0.57,-0.4,,-1.06,-0.56,,-1.79,-1.11,,-0.59,0.09,,-0.57,-0.05,,0.8,1.15,,-0.84,0.32,-0.16,0.27,-0.27,-0.05,,-0.18,-0.05,-0.16,,0.1,-0.5,0.12,-0.66,-0.34,,1.17,1.51,3.83,,-1.07,0.16,-1.39,0.04,0.28,,-0.66,-0.34,,0.04,0.28,,-1.25,0.46,-0.52,,-0.18,0.87,,-1.94,1.31,-0.23,,-0.87,1.16,,-1.15,0.31,0.58,,-1.25,0.8,0.46,,-1.8,-0.05,0.34,,-1.9,0.45,0.21,,-0.67,0.51,-1.05,1.21,-1.21,-0.89,,-0.01,0.13,,-0.37,0.76,-1.37,1.65,-1.65,-1.09,,0.29,0.38,,-1.21,-0.89,,-0.97,-0.64,,-1.65,-1.09,,-1.4,-0.84,,-2.64,0.43,-0.86,0.63,0.24,0.63,,-2.24,0.38,0.02,1.2,-0.44,1.2,,0.24,0.63,,-0.44,1.2,,0.31,0.38,-0.4,0.49,-0.49,-0.26,,0.13,0.57,-0.51,0.58,-0.58,-0.47,,-0.49,-0.26,,-0.39,-0.16,,-0.58,-0.47,,-0.47,-0.36,,-0.12,-0.47,0.61,,0.54,-0.84,,-0.17,0.58,1.36,,0.49,0.21,,-1.21,0.65,0.54,0.45,0.64,,-0.55,0.28,,-0.76,0.26,-0.1,0.29,-0.29,0.08,,-0.1,-0.12,,-0.82,0.37,-0.81,-0.83,-0.79,,-1.23,-1.21,,,,,-0.16,0,,-0.29,0.08,,-0.29,0.08,,0.45,0.64,,0.77,0.96,,1.28,1.43,,0.53,-0.26,0.53,-0.26,,1.07,2.28,-0.7,,-1,-0.07,0.5,,-0.35,-0.4,-0.23,,1.05,,-1.4,-0.84,-0.95,,-1.63,-0.44,0.02
FR120013010002,1/13/2020,7:15:31 AM,,-0.08,1.1,-0.25,,0.52,,,,,,0.62,,,,,,-0.05,,,,,,,0.18,,,,,,,0.16,,,,,,,0.34,,,,,,,0.65,-0.58,1.04,,0.44,,,,0.69,,-0.08,0.62,,0.21,,,,0.57,,0.65,-0.05,0.65,,-0.31,0.39,,-0.44,2.74,-0.6,1.04,-1.04,-0.56,,-0.93,3.22,,1.05,-1.5,0.48,0.79,0.16,0.79,,0.25,-1.02,,-1.04,-0.56,,-0.95,-0.46,,0.16,0.79,,0.26,0.88,,1.28,1.61,,1.02,1.26,,0.77,0.02,0.99,0.93,0.61,0.93,,1.18,0.4,0.54,1.42,0.95,1.42,,0.61,0.93,,0.95,1.42,,1.14,-0.1,0.13,1.02,1.26,,-0.12,-0.86,2.63,,1.44,0.52,0.14,1.28,1.61,,0.62,-0.4,2.25,,0.75,1.1,-0.88,1.18,-1.18,-0.98,,1.55,0.46,-0.07,0.59,-0.56,0.59,,-1.18,-0.98,,-0.56,0.59,,-0.03,-0.41,,-1.44,0.74,-0.04,,0.59,-0.17,-0.21,,-0.02,0.08,,0.28,0.77,0.37,0.03,0.3,,-0.49,0.74,-0.63,,0.81,-0.14,-0.29,0.5,1.17,,-1.18,-0.55,-0.83,,-0.96,-0.69,,-0.04,0.63,,0.51,1.29,-2.19,2.46,-2.46,-1.92,,-0.94,-1.58,-0.54,1.13,-1.13,0.04,,-1.17,0.63,-0.4,,-1.67,,-0.66,,-2.46,-1.92,,-1.13,0.04,,1.06,2.23,,0.14,-0.55,0.44,0.26,0.02,0.26,,-0.98,-0.55,,0.17,0.67,0.39,0.37,-0.03,0.37,,0.26,-0.15,,-0.74,-0.5,,-1.21,-0.81,,0.89,-0.63,1.64,,0.01,0.69,0.59,,-0.87,1.32,,0.43,-0.09,-0.38,,0.61,0.7,-0.41,,-0.23,0.83,,0.45,-0.24,0.71,,0,-0.11,,0.63,0.7,-1.56,,-0.23,0.8,,0.37,0.13,-0.72,,-0.05,0.23,,0.56,0.82,-0.77,1.1,-1.1,-0.34,,-0.29,0.93,,0.38,-0.12,0,0.63,-0.63,0.32,,-0.05,-0.01,,-1.56,-0.41,,,,-1.46,-0.31,,-0.72,0.71,,0.91,1.12,-0.3,2.89,,0.4,,-0.17,,0.75,1.37,0.02,,0.25,,0.07,,-0.55,0.53,-1,,0.1,0.77,-0.37,,-0.75,0.22,,-0.48,0.79,-0.99,,-0.91,0.23,,0.5,0.88,-0.48,,-0.36,0.33,,-0.83,0.38,-1.21,,-1.26,-0.16,,0.34,0.61,-0.3,,-0.51,0.03,,-0.51,0.7,-0.97,,-0.94,0.12,,-0.48,-0.3,,-0.38,-0.2,,-1.21,-0.97,,-1.12,-0.87,,0.71,0.47,-1.75,2.1,-2.1,-1.41,,1.3,0.31,-1.75,,-0.65,0.16,-0.61,0.69,-0.69,-0.52,,-1.11,-0.45,,-2.1,-1.41,,-1.05,-0.37,,-0.69,-0.15,,0.52,0.89,,-0.75,0.12,-0.26,0.37,-0.37,-0.15,,-0.1,-0.04,-0.26,,0.14,-0.25,0.06,-0.4,-0.1,,1.2,1.41,3.71,,-1.06,0.14,-1.36,0.01,0.27,,-0.4,-0.1,,0.01,0.27,,-1.7,0.48,-0.97,,-0.63,0.39,,-2.43,1.28,-0.48,,-1.36,0.88,,-1.14,0.28,0.61,,-1.28,0.54,0.56,,-1.65,-0.05,0.34,,-1.79,0.2,0.28,,-0.68,0.27,-1.02,1.19,-1.19,-0.85,,-0.03,0.07,,-0.46,0.58,-1.4,1.67,-1.67,-1.14,,0.13,0.37,,-1.19,-0.85,,-0.88,-0.55,,-1.67,-1.14,,-1.37,-0.83,,-2.41,0.24,-0.76,0.35,0.14,0.35,,-2.57,0.19,0.03,0.32,0.05,0.32,,0.14,0.35,,0.05,0.32,,-0.02,0.22,-0.27,0.35,-0.35,-0.15,,0.02,0.71,-0.25,0.32,-0.32,-0.2,,-0.35,-0.15,,-0.58,-0.38,,-0.32,-0.2,,-0.55,-0.43,,-0.23,-0.78,0.68,,0.42,-1.02,,-0.19,0.41,1.47,,0.39,0.18,,-1.25,0.52,0.61,0.53,0.69,,-0.6,0.28,,-0.9,0.15,0.23,0.39,0.07,0.39,,-0.32,-0.08,,-0.85,0.24,-0.56,-0.63,-0.49,,-1.31,-0.85,,,,,-0.2,0.08,,0.07,0.39,,0.07,0.39,,0.53,0.69,,0.96,1.12,,1.16,1.18,,0.06,-0.63,0.06,-0.63,,1.17,2.45,-0.57,,-0.89,0.13,0.49,,-0.24,-0.31,-0.45,,1,,-1.49,-0.83,-0.8,,-1.56,-0.48,0.11
FR220013010000,1/13/2020,7:19:03 AM,,-0.11,1.44,-0.53,,0.64,,,,,,0.67,,,,,,-0.09,,,,,,,0.14,,,,,,,0.18,,,,,,,0.39,,,,,,,0.75,-0.15,0.58,,0.53,,,,0.79,,-0.11,0.67,,0.26,,,,0.73,,0.75,-0.09,0.75,,-0.36,0.48,,-0.45,2.81,-0.81,1.25,-1.25,-0.78,,-1.16,3.29,,1.05,-1.27,0.23,0.55,-0.1,0.55,,0.04,-0.79,,-1.25,-0.78,,-1.36,-0.89,,-0.1,0.55,,-0.21,0.44,,1.37,1.7,,1.18,1.42,,1.03,-0.19,1.1,1.21,0.85,1.21,,1.29,0.32,0.52,1.53,1.06,1.53,,0.85,1.21,,1.06,1.53,,1.3,-0.17,-0.15,1.18,1.42,,0.02,-1.25,2.73,,1.53,0.43,0.01,1.37,1.7,,0.6,-0.51,2.2,,0.87,0.93,-0.94,1.17,-1.17,-1.03,,1.8,0.33,-0.29,0.78,-0.78,0.32,,-1.17,-1.03,,-0.78,0.32,,0.02,-0.56,,-1.29,0.77,-0.18,,0.69,-0.35,-0.45,,-0.07,-0.04,,0.23,0.74,0.38,-0.02,0.25,,-0.8,0.94,-0.71,,0.94,-0.29,-0.41,0.63,1.31,,-1.29,-0.61,-0.93,,-1.12,-0.84,,0.11,0.79,,0.74,1.12,-2.09,2.4,-2.4,-1.78,,-0.52,-1.54,-0.48,0.96,-0.96,0.01,,-0.64,0.46,-0.51,,-1.37,,-0.66,,-2.4,-1.78,,-0.96,0.01,,1.13,2.09,,0.1,-0.58,0.42,0.23,-0.03,0.23,,-0.78,-0.67,,0.08,0.66,0.43,0.31,-0.16,0.31,,0.33,-0.09,,-1.06,-0.8,,-1.45,-0.99,,0.82,-0.35,1.2,,-0.19,0.25,0.65,,-1.01,0.6,,0.66,-0.11,-0.14,,1.04,0.69,-0.41,,-0.01,0.84,,0.67,-0.24,0.98,,-0.01,-0.09,,1.11,0.71,-1.56,,0.04,0.84,,0.56,0.16,-0.59,,-0.09,0.28,,0.97,0.81,-0.77,1.11,-1.11,-0.31,,-0.09,0.95,,0.58,-0.11,0.2,0.5,-0.37,0.5,,-0.08,0.03,,-1.56,-0.41,,,,-1.68,-0.52,,-0.59,0.98,,0.89,0.9,-0.41,2.53,,0.15,,-0.22,,0.73,1.15,-0.07,,-0.01,,0.03,,-0.22,0.48,-0.8,,0.51,0.84,-0.12,,-0.56,0.33,,-0.25,0.61,-0.79,,-0.9,0.1,,0.88,0.98,-0.22,,-0.18,0.49,,-0.51,0.28,-1.04,,-1.16,-0.21,,0.75,0.62,-0.03,,-0.32,0.1,,-0.22,0.68,-0.82,,-0.88,0.17,,-0.22,-0.03,,-0.34,-0.14,,-1.04,-0.79,,-1.15,-0.91,,1.19,0.46,-1.5,1.8,-1.8,-1.21,,1.3,0.32,-1.5,,-0.3,0.14,-0.33,0.41,-0.41,-0.24,,-0.98,-0.41,,-1.8,-1.21,,-0.94,-0.35,,-0.41,0.1,,0.62,0.96,,-0.47,0.13,-0.01,0.11,-0.11,0.1,,-0.16,-0.01,-0.01,,0.76,-0.02,0.27,-0.18,0.14,,1.42,1.41,4,,-0.66,0.32,-1.15,0.22,0.43,,-0.18,0.14,,0.22,0.43,,-1,0.66,-0.85,,-0.35,0.3,,-1.74,1.4,-0.46,,-1.09,0.69,,-0.46,0.32,0.65,,-1.22,0.34,0.38,,-1.11,-0.02,0.4,,-1.87,0,0.13,,-0.32,0.33,-1.06,1.22,-1.22,-0.89,,-0.01,0.04,,0.02,0.58,-1.37,1.64,-1.64,-1.1,,0.13,0.29,,-1.22,-0.89,,-1.06,-0.73,,-1.64,-1.1,,-1.48,-0.93,,-1.95,0.46,-1,0.52,0.4,0.52,,-1.23,0.65,0.21,0.81,0.49,0.81,,0.4,0.52,,0.49,0.81,,0.81,0.12,-0.55,0.62,-0.62,-0.44,,0.72,0.69,-0.6,0.68,-0.68,-0.54,,-0.62,-0.44,,-0.87,-0.69,,-0.68,-0.54,,-0.93,-0.79,,0.12,-0.7,0.47,,0.44,-1.05,,0.24,0.44,1.39,,0.34,0.08,,-0.95,0.6,0.37,0.29,0.46,,-0.64,0.23,,-0.39,0.32,0.25,0.38,0.12,0.38,,-0.29,-0.06,,-0.52,0.38,-0.72,-0.81,-0.62,,-1.21,-0.63,,,,,-0.22,0.24,,0.12,0.38,,0.12,0.38,,0.29,0.46,,0.46,0.62,,1.1,1.08,,0.92,-0.03,0.92,-0.03,,1.6,2.77,-0.56,,-0.34,0.44,0.57,,0.24,-0.45,-0.27,,1.03,,-1,-0.82,-0.74,,-1.17,-0.33,0.25
FR220013010001,1/13/2020,7:20:09 AM,,0.04,0.98,-0.07,,0.6,,,,,,0.74,,,,,,0.04,,,,,,,0.37,,,,,,,0.3,,,,,,,0.42,,,,,,,0.81,-0.68,0.71,,0.38,,,,0.69,,0.04,0.74,,0.26,,,,0.56,,0.81,0.04,0.81,,-0.35,0.42,,-0.26,2.59,-0.5,0.93,-0.93,-0.44,,-0.89,3.02,,1.26,-1.43,0.32,0.63,-0.01,0.63,,0.37,-1,,-0.93,-0.44,,-0.81,-0.31,,-0.01,0.63,,0.12,0.76,,1.54,1.86,,1.2,1.43,,0.98,-0.11,0.94,1.14,0.82,1.14,,1.44,0.31,0.49,1.65,1.23,1.65,,0.82,1.14,,1.23,1.65,,1.32,-0.16,0.15,1.2,1.43,,-0.04,-0.79,2.64,,1.7,0.48,0.11,1.54,1.86,,0.67,-0.38,2.03,,0.9,0.99,-0.83,1.09,-1.09,-0.91,,1.76,0.46,-0.17,0.64,-0.64,0.47,,-1.09,-0.91,,-0.64,0.47,,0.02,-0.48,,-1.27,0.75,-0.2,,0.75,-0.22,-0.36,,0.05,0.07,,0.54,0.73,0.29,0.3,0.58,,-0.44,0.84,-0.66,,0.93,-0.27,-0.44,0.63,1.31,,-1.44,-0.57,-0.93,,-0.65,-0.37,,0.14,0.81,,0.66,1.21,-2.03,2.26,-2.26,-1.79,,-0.62,-2.02,-0.49,0.96,-0.96,-0.03,,-0.95,0.2,-0.57,,-1.62,,-1.01,,-2.26,-1.79,,-0.96,-0.03,,1.06,2,,0.29,-0.53,0.37,0.41,0.16,0.41,,-0.82,-0.58,,0.43,0.54,0.36,0.62,0.24,0.62,,0.24,-0.13,,-0.82,-0.57,,-1.2,-0.82,,0.93,-0.68,1.8,,0.41,0.92,0.6,,-0.52,1.6,,0.59,-0.11,-0.37,,1.01,0.68,-0.23,,0.08,0.82,,0.63,-0.3,0.69,,0.03,-0.17,,0.99,0.73,-1.37,,0.05,0.85,,0.57,0.1,-0.78,,-0.02,0.21,,0.92,0.8,-0.64,0.95,-0.95,-0.27,,-0.02,0.92,,0.57,-0.14,-0.05,0.72,-0.72,0.35,,-0.03,-0.01,,-1.37,-0.23,,,,-1.24,-0.1,,-0.78,0.69,,1.3,0.88,-0.37,3.15,,0.64,,-0.33,,1.1,1.16,-0.04,,0.43,,-0.06,,-0.3,0.4,-0.92,,0.51,0.74,-0.09,,-0.43,0.32,,-0.14,0.63,-0.86,,-0.73,0.21,,0.92,0.77,-0.19,,-0.02,0.36,,-0.56,0.21,-1.07,,-1.15,-0.19,,0.73,0.45,-0.01,,-0.2,0.02,,-0.25,0.64,-0.87,,-0.84,0.21,,-0.19,-0.01,,-0.07,0.12,,-1.07,-0.86,,-0.94,-0.73,,1.06,0.45,-1.34,1.68,-1.68,-1,,1.02,0.42,-1.34,,-0.26,0.03,-0.34,0.4,-0.4,-0.28,,-0.87,-0.43,,-1.68,-1,,-0.75,-0.08,,-0.4,0.05,,0.65,0.97,,-0.5,0.07,-0.06,0.16,-0.16,0.05,,-0.22,0.04,-0.06,,0.7,-0.23,0.39,-0.4,-0.07,,1.07,1.46,3.63,,-0.37,0.21,-1.07,0.09,0.32,,-0.4,-0.07,,0.09,0.32,,-0.96,0.61,-0.78,,-0.59,0.29,,-1.69,1.38,-0.36,,-1.32,0.72,,-0.27,0.28,0.72,,-0.97,0.52,0.33,,-0.91,-0.05,0.41,,-1.61,0.18,0.02,,-0.34,0.26,-1.03,1.19,-1.19,-0.86,,-0.06,0,,-0.09,0.6,-1.4,1.67,-1.67,-1.13,,-0.13,0.35,,-1.19,-0.86,,-1.02,-0.69,,-1.67,-1.13,,-1.5,-0.96,,-1.62,0.15,-0.92,0.21,0.1,0.21,,-1.49,0.47,0,0.73,0.21,0.73,,0.1,0.21,,0.21,0.73,,1.1,0.17,-0.48,0.55,-0.55,-0.37,,1.01,0.48,-0.45,0.54,-0.54,-0.4,,-0.55,-0.37,,-0.84,-0.66,,-0.54,-0.4,,-0.83,-0.69,,0.05,-0.72,0.51,,0.34,-1.07,,0.23,0.47,1.27,,0.19,0.11,,-1.07,0.52,0.54,0.44,0.63,,-0.79,0.15,,-0.46,0.28,0.29,0.43,0.16,0.43,,-0.5,-0.1,,-0.51,0.38,-0.7,-0.94,-0.46,,-1.13,-0.46,,,,,-0.25,0.36,,0.16,0.43,,0.16,0.43,,0.44,0.63,,0.64,0.83,,1.38,1.09,,1.05,0.2,1.05,0.2,,1.56,2.81,-0.59,,-0.37,0.26,0.67,,0.05,-0.52,-0.22,,0.93,,-1.11,-1.23,-0.68,,-0.99,-0.45,0.36
FR220013010002,1/13/2020,7:21:50 AM,,-0.17,1.04,-0.54,,0.31,,,,,,0.46,,,,,,-0.25,,,,,,,0.07,,,,,,,0.05,,,,,,,0.24,,,,,,,0.53,-0.52,0.84,,0.41,,,,0.63,,-0.17,0.46,,0.29,,,,0.56,,0.53,-0.25,0.53,,-0.4,0.38,,-0.54,2.46,-0.78,1.19,-1.19,-0.74,,-0.99,2.84,,1.1,-1.3,0.41,0.69,0.12,0.69,,0.39,-0.92,,-1.19,-0.74,,-1.33,-0.88,,0.12,0.69,,-0.01,0.56,,1.39,1.72,,1.12,1.35,,0.89,-0.06,1.03,1.06,0.72,1.06,,1.35,0.45,0.64,1.57,1.14,1.57,,0.72,1.06,,1.14,1.57,,1.23,-0.22,0.1,1.12,1.35,,-0.16,-0.93,2.61,,1.56,0.6,0.11,1.39,1.72,,0.65,-0.53,2.03,,0.67,0.94,-0.86,1.14,-1.14,-0.91,,1.5,0.58,0.06,0.71,-0.39,0.71,,-1.14,-0.91,,-0.39,0.71,,-0.03,-0.48,,-1.49,0.78,-0.03,,0.6,-0.12,-0.43,,0.08,-0.11,,0.09,0.81,0.45,-0.13,0.06,,-0.8,0.87,-0.58,,0.77,-0.19,-0.31,0.42,1.17,,-1.35,-0.64,-0.95,,-1.16,-0.97,,-0.21,0.53,,0.51,1.44,-2.26,2.49,-2.49,-2.02,,-0.76,-1.81,-0.68,1.15,-1.15,-0.2,,-0.99,0.47,-0.73,,-1.5,,-0.98,,-2.49,-2.02,,-1.15,-0.2,,1.11,2.06,,0,-0.53,0.44,0.13,-0.12,0.13,,-0.87,-0.58,,0.23,0.65,0.43,0.42,0.03,0.42,,0.2,-0.21,,-1.01,-0.76,,-1.32,-0.93,,0.66,-0.05,0.71,,0.08,0.9,0.76,,-0.58,0.94,,0.41,-0.06,-0.15,,0.53,0.7,-0.17,,-0.22,0.79,,0.49,-0.24,0.98,,0.06,-0.15,,0.6,0.74,-1.32,,-0.17,0.81,,0.49,0.1,-0.53,,0.08,0.17,,0.63,0.84,-0.57,0.88,-0.88,-0.16,,-0.13,0.92,,0.42,-0.11,0.23,0.54,-0.33,0.54,,0.01,-0.03,,-1.32,-0.17,,,,-1.45,-0.3,,-0.53,0.98,,0.94,0.96,-0.32,2.69,,0.43,,-0.48,,0.74,1.2,0,,0.23,,-0.24,,-0.46,0.45,-0.82,,0.18,0.74,0,,-0.58,0.26,,-0.45,0.44,-0.72,,-0.86,-0.03,,0.57,0.84,-0.09,,-0.2,0.37,,-0.66,0.14,-1.07,,-1.07,-0.33,,0.39,0.55,0.07,,-0.37,0.06,,-0.37,0.64,-0.68,,-0.78,0.15,,-0.09,0.07,,-0.22,-0.06,,-1.07,-0.68,,-1.2,-0.81,,0.84,0.45,-1.33,1.69,-1.69,-0.96,,1.21,0.33,-1.32,,-0.43,0.12,-0.51,0.6,-0.6,-0.42,,-0.87,-0.4,,-1.69,-0.96,,-0.87,-0.14,,-0.6,-0.07,,0.4,0.75,,-0.58,0.07,-0.18,0.28,-0.28,-0.07,,-0.15,-0.06,-0.18,,0.48,-0.3,0.29,-0.43,-0.17,,1.21,1.48,3.83,,-0.73,0.17,-1.19,0.04,0.29,,-0.43,-0.17,,0.04,0.29,,-1.24,0.54,-0.89,,-0.52,0.3,,-1.93,1.29,-0.42,,-1.2,0.77,,-0.58,0.3,0.66,,-1.07,0.6,0.37,,-1.17,-0.07,0.43,,-1.65,0.23,0.14,,-0.47,0.26,-0.99,1.17,-1.17,-0.81,,-0.03,0.08,,-0.31,0.58,-1.3,1.57,-1.57,-1.04,,0.06,0.41,,-1.17,-0.81,,-0.92,-0.56,,-1.57,-1.04,,-1.31,-0.79,,-1.84,0.21,-1.09,0.28,0.14,0.28,,-2.08,0.53,-0.12,0.86,0.21,0.86,,0.14,0.28,,0.21,0.86,,0.66,0.07,-0.44,0.5,-0.5,-0.34,,0.77,0.49,-0.59,0.68,-0.68,-0.53,,-0.5,-0.34,,-0.78,-0.63,,-0.68,-0.53,,-0.97,-0.81,,-0.07,-0.79,0.64,,0.37,-0.98,,-0.09,0.36,1.41,,0.28,0.16,,-1.05,0.38,0.71,0.63,0.8,,-0.61,0.18,,-0.73,0.18,0.28,0.44,0.13,0.44,,-0.35,-0.02,,-0.69,0.2,-0.59,-0.66,-0.52,,-1.13,-0.71,,,,,-0.25,0.07,,0.13,0.44,,0.13,0.44,,0.63,0.8,,0.97,1.14,,1.29,1.32,,0.83,0.23,0.83,0.23,,1.44,2.51,-0.37,,-0.5,-0.05,0.71,,-0.05,-0.2,-0.43,,0.86,,-1.29,-0.84,-0.71,,-1.15,-0.36,0.35
FR220013010003,1/13/2020,7:40:26 AM,,-0.35,0.94,0.07,,0.13,,,,,,0.38,,,,,,-0.52,,,,,,,-0.06,,,,,,,-0.24,,,,,,,0.01,,,,,,,0.31,-0.47,0.81,,0.44,,,,0.72,,-0.35,0.38,,0.28,,,,0.65,,0.52,-0.52,0.31,,-0.51,0.31,,-0.35,2.23,-0.43,0.81,-0.81,-0.39,,-0.77,2.84,,0.64,-1.3,0.49,0.8,0.17,0.8,,-0.12,-0.69,,-0.81,-0.39,,-0.69,-0.27,,0.17,0.8,,0.28,0.91,,1.18,1.52,,0.88,1.11,,0.71,-0.02,0.99,0.87,0.56,0.87,,1.07,0.39,0.59,1.31,0.84,1.31,,0.56,0.87,,0.84,1.31,,0.99,-0.25,0.03,0.88,1.11,,-0.23,-0.96,2.16,,1.35,0.57,0.08,1.18,1.52,,0.68,-0.51,2.11,,0.46,0.95,-0.9,1.13,-1.13,-0.99,,1.12,0.49,0.09,0.74,-0.4,0.74,,-1.13,-0.99,,-0.4,0.74,,-0.01,-0.51,,-1.62,0.69,-0.05,,0.42,-0.22,-0.14,,0.01,0.14,,-0.13,0.7,0.45,-0.37,-0.12,,-0.85,0.71,-0.54,,0.36,-0.24,-0.28,0.03,0.73,,-1.07,-0.63,-0.87,,-1.37,-1.11,,-0.57,0.13,,0.36,1.21,-2.18,2.44,-2.44,-1.93,,-0.96,-1.46,-0.43,0.96,-0.96,0.1,,-1.08,0.77,-0.42,,-1.45,,-0.44,,-2.44,-1.93,,-0.96,0.1,,1.23,2.28,,-0.08,-0.63,0.46,0.21,-0.21,0.05,,-1.01,-0.53,,-0.1,0.5,0.34,0.3,-0.3,0.09,,0.11,-0.25,,-0.92,-0.66,,-1.37,-0.98,,0.66,-0.44,1.1,,-0.32,0.53,0.74,,-0.98,0.97,,0.37,-0.2,-0.38,,0.35,0.55,-0.29,,-0.46,0.79,,0.37,-0.31,0.68,,-0.02,-0.07,,0.36,0.59,-1.44,,-0.48,0.8,,0.27,0.03,-0.74,,-0.09,0.24,,0.34,0.73,-0.68,1,-1,-0.29,,-0.48,0.95,,0.25,-0.24,-0.03,0.7,-0.7,0.32,,-0.13,-0.01,,-1.44,-0.29,,,,-1.32,-0.17,,-0.74,0.68,,0.76,0.6,-0.43,1.95,,0.4,,-0.61,,0.52,0.85,-0.09,,0.16,,-0.35,,-0.55,0.46,-1.12,,-0.08,0.62,-0.14,,-0.91,0.12,,-0.5,0.59,-1.12,,-0.87,0.09,,0.33,0.73,-0.22,,-0.49,0.26,,-0.79,0.25,-1.3,,-1.16,-0.23,,-0.01,0.42,-0.07,,-0.83,-0.09,,-0.51,0.64,-1.13,,-0.88,0.13,,-0.22,-0.07,,-0.11,0.05,,-1.3,-1.12,,-1.18,-1,,0.59,0.41,-1.64,1.98,-1.98,-1.29,,1.02,0.27,-1.64,,-0.6,0.14,-0.69,0.79,-0.79,-0.6,,-1,-0.41,,-1.98,-1.29,,-0.82,-0.13,,-0.79,-0.2,,0.57,0.96,,-0.77,0.14,-0.31,0.42,-0.42,-0.2,,-0.15,0,-0.31,,0.15,-0.38,0.05,-0.52,-0.23,,1.21,1.44,3.76,,-1.06,0.09,-1.39,-0.03,0.21,,-0.52,-0.23,,-0.03,0.21,,-1.78,0.54,-1.05,,-0.73,0.34,,-2.47,1.33,-0.45,,-1.41,0.93,,-1.21,0.29,0.63,,-1.36,0.67,0.58,,-1.8,-0.05,0.36,,-1.96,0.32,0.3,,-0.63,0.31,-1,1.17,-1.17,-0.82,,-0.01,0.04,,-0.44,0.72,-1.37,1.64,-1.64,-1.1,,-0.01,0.45,,-1.17,-0.82,,-0.82,-0.48,,-1.64,-1.1,,-1.29,-0.75,,-2.57,0.41,-0.96,0.64,0.17,0.64,,-2.38,0.41,0.01,0.8,0.03,0.8,,0.17,0.64,,0.03,0.8,,0.24,0.61,-0.28,0.36,-0.36,-0.17,,-0.11,0.66,-0.55,0.63,-0.63,-0.49,,-0.36,-0.17,,-0.71,-0.53,,-0.63,-0.49,,-0.99,-0.85,,-0.21,-0.72,0.56,,0.4,-1.05,,-0.28,0.45,1.44,,0.14,0.12,,-1.22,0.61,0.57,0.5,0.64,,-0.61,0.27,,-0.93,0.31,0.35,0.49,0.22,0.49,,-0.51,-0.04,,-0.72,0.35,-0.58,-0.66,-0.5,,-1.13,-0.71,,,,,-0.12,0.21,,0.22,0.49,,0.22,0.49,,0.5,0.64,,1.01,1.15,,1.16,1.14,,0.59,-0.42,0.59,-0.42,,1.18,2.49,-0.65,,-0.9,-0.09,0.54,,-0.23,-0.34,-0.38,,0.97,,-1.51,-1.02,-0.74,,-1.56,-0.49,0.13
FR220013010004,1/13/2020,7:41:56 AM,,-0.35,1.05,-0.25,,0.05,,,,,,0.32,,,,,,-0.64,,,,,,,-0.09,,,,,,,-0.35,,,,,,,0.12,,,,,,,0.23,-0.23,0.89,,0.47,,,,0.67,,-0.35,0.32,,0.3,,,,0.69,,0.64,-0.64,0.23,,-0.64,0.23,,-0.43,2.38,-0.61,1.02,-1.02,-0.56,,-0.87,2.89,,0.58,-1.27,0.41,0.74,0.08,0.74,,-0.22,-0.76,,-1.02,-0.56,,-0.92,-0.45,,0.08,0.74,,0.18,0.84,,0.95,1.28,,0.85,1.1,,0.82,0.03,1.1,0.98,0.66,0.98,,0.83,0.41,0.67,1.09,0.57,1.09,,0.66,0.98,,0.57,1.09,,0.98,-0.24,0.03,0.85,1.1,,-0.27,-1.07,2.52,,1.12,0.54,0.11,0.95,1.28,,0.63,-0.56,2.04,,0.6,0.86,-0.82,1.07,-1.07,-0.87,,1.21,0.34,0.01,0.58,-0.43,0.58,,-1.07,-0.87,,-0.43,0.58,,-0.07,-0.43,,-1.57,0.71,0.05,,0.46,-0.31,-0.22,,-0.03,0.03,,0.03,0.78,0.49,-0.21,0.01,,-0.8,0.75,-0.61,,0.35,-0.29,-0.24,0.02,0.71,,-0.83,-0.7,-0.91,,-1.31,-1.09,,-0.65,0.04,,0.29,1.12,-2.05,2.3,-2.3,-1.8,,-1.07,-1.41,-0.5,1.1,-1.1,0.11,,-1.16,0.68,-0.35,,-1.45,,-0.44,,-2.3,-1.8,,-1.1,0.11,,0.95,2.16,,-0.08,-0.67,0.42,0.21,-0.21,0.05,,-1.1,-0.68,,-0.28,0.52,0.37,0.48,-0.48,-0.08,,0.11,-0.29,,-1.03,-0.77,,-1.31,-0.91,,0.66,-0.69,1.5,,-0.42,0.41,0.7,,-1.08,1.1,,0.38,-0.07,-0.37,,0.5,0.72,-0.37,,-0.35,0.83,,0.37,-0.28,0.74,,-0.03,-0.17,,0.47,0.72,-1.52,,-0.4,0.8,,0.35,0.08,-0.76,,-0.03,0.16,,0.47,0.8,-0.76,1.09,-1.09,-0.34,,-0.39,0.89,,0.29,-0.17,-0.01,0.61,-0.61,0.3,,-0.1,-0.07,,-1.52,-0.37,,,,-1.42,-0.26,,-0.76,0.74,,0.57,0.67,-0.44,1.76,,0.28,,-0.45,,0.32,0.89,-0.14,,0.03,,-0.23,,-0.56,0.63,-1.08,,-0.13,0.45,-0.24,,-0.99,-0.22,,-0.42,0.59,-0.74,,-0.8,-0.08,,0.43,0.68,-0.41,,-0.43,0.03,,-0.82,0.42,-1.15,,-1.21,-0.23,,0.16,0.47,-0.1,,-0.71,-0.22,,-0.53,0.71,-0.61,,-0.92,0.03,,-0.41,-0.1,,-0.31,0,,-1.15,-0.61,,-1.04,-0.51,,0.59,0.42,-1.48,1.85,-1.85,-1.11,,1.02,0.25,-1.48,,-0.6,0.17,-0.57,0.64,-0.64,-0.51,,-1.01,-0.56,,-1.85,-1.11,,-0.96,-0.22,,-0.64,-0.18,,0.39,0.71,,-0.71,0.1,-0.29,0.4,-0.4,-0.18,,-0.11,-0.07,-0.29,,0.03,-0.45,0.3,-0.61,-0.3,,1.2,1.56,3.95,,-1.17,0.02,-1.26,-0.07,0.12,,-0.61,-0.3,,-0.07,0.12,,-1.39,0.61,-1.23,,-0.22,0.03,,-2.13,1.35,-0.75,,-0.96,0.51,,-1.39,0.35,0.61,,-1.41,0.8,0.3,,-1.88,-0.02,0.4,,-1.91,0.43,0.09,,-0.6,0.34,-1.04,1.2,-1.2,-0.87,,0.01,0.04,,-0.48,0.65,-1.39,1.65,-1.65,-1.12,,-0.06,0.35,,-1.2,-0.87,,-0.92,-0.59,,-1.65,-1.12,,-1.37,-0.84,,-2.71,0.24,-0.73,0.42,0.06,0.42,,-2.48,0.72,0.22,1.19,0.25,1.19,,0.06,0.42,,0.25,1.19,,0.33,0.16,-0.3,0.38,-0.38,-0.18,,-0.24,0.55,-0.51,0.6,-0.6,-0.44,,-0.38,-0.18,,-0.76,-0.56,,-0.6,-0.44,,-0.98,-0.83,,-0.06,-0.76,0.63,,0.55,-1.11,,-0.15,0.47,1.46,,0.28,0.12,,-1.13,0.53,0.52,0.45,0.58,,-0.52,0.16,,-0.92,0.32,0.38,0.51,0.25,0.51,,-0.5,-0.05,,-0.72,0.37,-0.59,-0.69,-0.49,,-1.14,-0.89,,,,,-0.12,0.21,,0.25,0.51,,0.25,0.51,,0.45,0.58,,0.88,1.01,,1.14,1.07,,0.68,-0.47,0.68,-0.47,,0.69,1.91,-0.67,,-1.02,-0.04,0.46,,-0.37,-0.42,-0.22,,1.04,,-1.49,-0.89,-0.85,,-1.63,-0.6,0.01
FR220013010005,1/13/2020,7:44:14 AM,,-0.46,1.08,-0.24,,0.15,,,,,,0.26,,,,,,-0.55,,,,,,,-0.27,,,,,,,-0.32,,,,,,,-0.27,,,,,,,0.36,-0.23,0.84,,0.53,,,,0.73,,-0.46,0.26,,0.22,,,,0.69,,0.55,-0.55,0.36,,-0.36,0.54,,-0.46,2.26,-0.57,0.98,-0.98,-0.49,,-0.96,2.9,,0.6,-1.32,0.38,0.72,0.03,0.72,,-0.33,-0.68,,-0.98,-0.49,,-0.9,-0.42,,0.03,0.72,,0.1,0.79,,1.03,1.35,,0.83,1.07,,0.71,-0.05,1.14,0.85,0.54,0.85,,0.8,0.37,0.67,1.1,0.49,1.1,,0.54,0.85,,0.49,1.1,,0.95,-0.34,0.03,0.83,1.07,,-0.28,-1.11,2.41,,1.19,0.52,0.14,1.03,1.35,,0.65,-0.53,1.9,,0.68,0.73,-0.87,1.05,-1.05,-0.94,,1.21,0.26,-0.04,0.58,-0.56,0.58,,-1.05,-0.94,,-0.56,0.58,,0.11,-0.67,,-1.49,0.7,-0.15,,0.61,-0.29,-0.4,,0.04,-0.09,,0.17,0.59,0.52,-0.08,0.19,,-0.53,0.64,-0.62,,0.6,-0.34,-0.32,0.25,0.98,,-0.8,-0.71,-0.99,,-1.22,-0.95,,-0.42,0.31,,0.18,1.13,-2.18,2.49,-2.49,-1.86,,-0.84,-1.85,-0.6,1.07,-1.07,-0.13,,-1.11,0.49,-0.6,,-1.29,,-0.64,,-2.49,-1.86,,-1.07,-0.13,,1.11,2.05,,-0.08,-0.66,0.32,0.22,-0.22,0.06,,-1.01,-0.82,,-0.25,0.43,0.42,0.45,-0.45,-0.05,,0.06,-0.25,,-0.92,-0.65,,-1.25,-0.85,,0.68,-0.59,1.35,,-0.36,0.15,0.79,,-1.04,0.73,,0.42,-0.1,-0.33,,0.54,0.68,-0.46,,-0.44,0.83,,0.42,-0.27,0.75,,-0.02,-0.11,,0.57,0.73,-1.61,,-0.45,0.85,,0.43,0.1,-0.73,,0.01,0.22,,0.57,0.8,-0.84,1.17,-1.17,-0.4,,-0.43,0.94,,0.39,-0.15,0.01,0.61,-0.61,0.32,,-0.04,-0.01,,-1.61,-0.46,,,,-1.53,-0.39,,-0.73,0.75,,0.5,0.68,-0.33,1.69,,0.31,,-0.45,,0.35,0.92,0.01,,0.16,,-0.22,,-0.52,0.74,-1.12,,0.08,0.81,-0.38,,-0.93,0.03,,-0.47,0.79,-1.04,,-0.9,0.01,,0.47,0.94,-0.46,,-0.53,0.18,,-0.79,0.55,-1.3,,-1.22,-0.21,,0.23,0.62,-0.35,,-0.77,-0.19,,-0.49,0.95,-1.05,,-0.91,0.14,,-0.46,-0.35,,-0.38,-0.27,,-1.3,-1.04,,-1.22,-0.97,,0.79,0.48,-1.54,1.9,-1.9,-1.18,,1.24,0.16,-1.54,,-0.49,0.32,-0.71,0.81,-0.81,-0.61,,-0.95,-0.53,,-1.9,-1.18,,-0.77,-0.05,,-0.81,-0.24,,0.52,0.89,,-0.7,0.33,-0.35,0.46,-0.46,-0.24,,-0.21,0.01,-0.35,,0.06,-0.41,0.17,-0.54,-0.27,,1.23,1.44,3.78,,-1.17,0.01,-1.27,-0.08,0.11,,-0.54,-0.27,,-0.08,0.11,,-1.58,0.62,-1.07,,-0.41,0.2,,-2.33,1.33,-0.44,,-1.16,0.83,,-1.16,0.28,0.61,,-1.22,0.68,0.45,,-1.72,-0.06,0.34,,-1.78,0.34,0.17,,-0.58,0.38,-1.09,1.26,-1.26,-0.92,,-0.08,0.02,,-0.44,0.68,-1.39,1.66,-1.66,-1.12,,0.01,0.33,,-1.26,-0.92,,-0.9,-0.57,,-1.66,-1.12,,-1.3,-0.76,,-2.5,0.37,-1.03,0.47,0.27,0.47,,-2.22,0.19,-0.16,0.38,0.01,0.38,,0.27,0.47,,0.01,0.38,,0.2,-0.06,-0.39,0.45,-0.45,-0.29,,-0.1,0.58,-0.14,0.2,-0.2,-0.09,,-0.45,-0.29,,-0.79,-0.63,,-0.2,-0.09,,-0.55,-0.44,,-0.07,-0.67,0.61,,0.42,-1.04,,-0.09,0.44,1.48,,0.35,0.07,,-1.08,0.58,0.64,0.55,0.74,,-0.59,0.2,,-0.84,0.29,0.35,0.5,0.2,0.5,,-0.4,-0.08,,-0.7,0.37,-0.47,-0.69,-0.24,,-1.17,-1.13,,,,,-0.21,0.05,,0.2,0.5,,0.2,0.5,,0.55,0.74,,1.07,1.27,,1.23,0.98,,0.66,-0.46,0.66,-0.46,,0.82,1.91,-0.7,,-0.83,-0.1,0.46,,-0.3,-0.43,-0.41,,1.01,,-1.44,-0.95,-0.89,,-1.61,-0.62,-0.12
FR220013010006,1/13/2020,7:45:18 AM,,-0.29,1.35,-0.12,,0.14,,,,,,0.46,,,,,,-0.43,,,,,,,-0.04,,,,,,,-0.21,,,,,,,0.13,,,,,,,0.28,-0.53,1.12,,0.5,,,,0.75,,-0.29,0.46,,0.22,,,,0.57,,0.43,-0.43,0.28,,-0.5,0.22,,-0.58,2.52,-0.51,0.95,-0.95,-0.45,,-1.09,3.16,,0.72,-1.39,0.67,0.98,0.34,0.98,,-0.2,-0.74,,-0.95,-0.45,,-0.87,-0.36,,0.34,0.98,,0.43,1.07,,1.02,1.34,,0.86,1.13,,0.75,-0.04,0.98,0.92,0.58,0.92,,0.96,0.35,0.49,1.18,0.73,1.18,,0.58,0.92,,0.73,1.18,,1,-0.25,0.18,0.86,1.13,,-0.21,-0.8,2.62,,1.18,0.63,0.11,1.02,1.34,,0.78,-0.38,1.84,,0.61,0.92,-0.75,1.01,-1.01,-0.81,,1.55,0.3,-0.07,0.54,-0.54,0.51,,-1.01,-0.81,,-0.54,0.51,,-0.09,-0.32,,-1.51,0.74,0.04,,0.73,-0.25,-0.34,,-0.11,0.04,,0.24,0.83,0.36,0,0.26,,-0.51,0.87,-0.63,,0.65,-0.15,-0.38,0.35,1.03,,-0.96,-0.5,-0.87,,-0.98,-0.73,,-0.14,0.54,,0.28,1.25,-2.14,2.42,-2.42,-1.86,,-0.93,-1.54,-0.55,1.1,-1.1,-0.01,,-1.09,0.59,-0.53,,-1.37,,-0.66,,-2.42,-1.86,,-1.1,-0.01,,1.04,2.13,,-0.03,-0.5,0.45,0.17,-0.17,0.1,,-0.86,-0.54,,-0.15,0.59,0.32,0.34,-0.34,0.05,,0.24,-0.17,,-0.92,-0.65,,-1.3,-0.91,,0.5,-0.38,0.8,,-0.4,0.08,0.76,,-0.9,0.46,,0.44,-0.14,-0.35,,0.57,0.7,-0.48,,-0.4,0.89,,0.5,-0.24,0.74,,0.05,-0.05,,0.6,0.75,-1.62,,-0.4,0.91,,0.4,0.05,-0.75,,-0.03,0.2,,0.6,0.79,-0.84,1.19,-1.19,-0.4,,-0.39,0.96,,0.36,-0.14,0.01,0.63,-0.63,0.35,,-0.09,0.03,,-1.62,-0.48,,,,-1.54,-0.39,,-0.75,0.74,,0.59,0.92,-0.43,2.2,,0.32,,-0.32,,0.46,1.17,-0.1,,0.18,,-0.08,,-0.34,0.67,-1.23,,0.15,0.74,-0.48,,-0.84,0.03,,-0.31,0.72,-1.16,,-0.75,0.01,,0.53,0.83,-0.57,,-0.47,0.15,,-0.63,0.35,-1.4,,-1.07,-0.33,,0.3,0.57,-0.42,,-0.69,-0.16,,-0.37,0.67,-1.15,,-0.81,-0.06,,-0.57,-0.42,,-0.48,-0.33,,-1.4,-1.15,,-1.31,-1.06,,0.57,0.35,-1.67,2.01,-2.01,-1.33,,1,0.09,-1.67,,-0.52,0.26,-0.65,0.72,-0.72,-0.58,,-0.99,-0.52,,-2.01,-1.33,,-0.77,-0.1,,-0.72,-0.25,,0.65,0.98,,-0.62,0.24,-0.35,0.45,-0.45,-0.25,,-0.09,-0.02,-0.35,,0.12,-0.31,0.22,-0.47,-0.15,,1.14,1.46,3.7,,-1.02,0.04,-1.24,-0.09,0.16,,-0.47,-0.15,,-0.09,0.16,,-1.51,0.69,-1.04,,-0.49,0.2,,-2.23,1.4,-0.49,,-1.21,0.76,,-1.17,0.28,0.6,,-1.29,0.6,0.38,,-1.6,-0.04,0.37,,-1.72,0.27,0.15,,-0.49,0.29,-1.07,1.24,-1.24,-0.9,,0.03,-0.04,,-0.39,0.61,-1.38,1.65,-1.65,-1.11,,0.04,0.29,,-1.24,-0.9,,-0.92,-0.57,,-1.65,-1.11,,-1.33,-0.78,,-2.46,0.28,-0.88,0.43,0.12,0.43,,-2.37,0.58,0.02,0.75,0.42,0.75,,0.12,0.43,,0.42,0.75,,0.43,-0.07,-0.36,0.44,-0.44,-0.25,,-0.08,0.67,-0.4,0.48,-0.48,-0.36,,-0.44,-0.25,,-0.78,-0.59,,-0.48,-0.36,,-0.82,-0.7,,-0.11,-0.72,0.51,,0.41,-1.08,,-0.07,0.4,1.52,,0.36,0.05,,-1.08,0.46,0.44,0.37,0.52,,-0.56,0.1,,-0.83,0.22,0.34,0.48,0.21,0.48,,-0.4,-0.15,,-0.6,0.37,-0.79,-0.87,-0.71,,-1.08,-1.03,,,,,-0.08,0.11,,0.21,0.48,,0.21,0.48,,0.37,0.52,,0.87,1.02,,1.23,1.23,,0.73,-0.36,0.73,-0.36,,1,1.87,-0.65,,-0.92,-0.08,0.52,,-0.18,-0.26,-0.3,,1.01,,-1.46,-0.92,-0.69,,-1.46,-0.57,0.16
FR220013010007,1/13/2020,7:46:21 AM,,-0.34,1.1,-0.11,,0.08,,,,,,0.28,,,,,,-0.52,,,,,,,-0.12,,,,,,,-0.2,,,,,,,-0.01,,,,,,,0.23,-0.54,0.87,,0.41,,,,0.62,,-0.34,0.28,,0.31,,,,0.59,,0.52,-0.52,0.23,,-0.47,0.27,,-0.59,2.4,-0.58,1.02,-1.02,-0.53,,-1.03,2.96,,0.68,-1.35,0.54,0.86,0.21,0.86,,-0.09,-0.79,,-1.02,-0.53,,-0.85,-0.36,,0.21,0.86,,0.37,1.03,,1.02,1.36,,0.83,1.06,,0.61,0.08,1,0.78,0.44,0.78,,0.97,0.43,0.6,1.2,0.74,1.2,,0.44,0.78,,0.74,1.2,,0.95,-0.3,0.16,0.83,1.06,,-0.38,-0.84,2.65,,1.19,0.44,0.11,1.02,1.36,,0.51,-0.49,2.43,,0.67,1.06,-0.96,1.21,-1.21,-1.08,,1.3,0.46,0.04,0.68,-0.44,0.68,,-1.21,-1.08,,-0.44,0.68,,-0.05,-0.43,,-1.54,0.71,0.02,,0.58,0.14,-0.66,,0.32,-0.34,,0.16,0.76,0.45,-0.1,0.19,,-0.45,0.68,-0.55,,0.48,-0.18,-0.33,0.18,0.85,,-0.97,-0.61,-0.92,,-1.1,-0.81,,-0.42,0.25,,0.25,1.15,-2.19,2.44,-2.44,-1.95,,-1.14,-1.57,-0.47,0.97,-0.97,0.04,,-1.39,0.5,-0.44,,-1.64,,-0.65,,-2.44,-1.95,,-0.97,0.04,,1.22,2.23,,0.08,-0.61,0.42,0.2,-0.05,0.2,,-1.09,-0.58,,-0.11,0.52,0.47,0.29,-0.29,0.08,,0.09,-0.13,,-0.66,-0.41,,-1.26,-0.89,,0.89,-0.41,1.39,,-0.01,0.52,0.64,,-0.91,0.93,,0.38,-0.15,-0.41,,0.45,0.67,-0.19,,-0.36,0.86,,0.43,-0.31,0.66,,0.03,-0.12,,0.42,0.68,-1.34,,-0.42,0.84,,0.34,0.04,-0.82,,-0.03,0.2,,0.48,0.78,-0.6,0.91,-0.91,-0.2,,-0.35,0.96,,0.32,-0.19,-0.08,0.72,-0.72,0.24,,-0.07,-0.02,,-1.34,-0.19,,,,-1.17,-0.03,,-0.82,0.66,,0.66,0.73,-0.4,1.97,,0.41,,-0.42,,0.47,1,-0.08,,0.22,,-0.16,,-0.47,0.5,-1.2,,0.02,0.73,-0.24,,-0.81,0.2,,-0.4,0.55,-1.11,,-0.78,0.02,,0.44,0.82,-0.33,,-0.39,0.3,,-0.8,0.3,-1.4,,-1.18,-0.21,,0.21,0.55,-0.16,,-0.62,0,,-0.45,0.72,-1.12,,-0.84,0.17,,-0.33,-0.16,,-0.17,0,,-1.4,-1.11,,-1.24,-0.94,,0.59,0.41,-1.54,1.88,-1.88,-1.19,,0.94,0.15,-1.54,,-0.49,0.25,-0.87,0.96,-0.96,-0.78,,-0.9,-0.34,,-1.88,-1.19,,-0.68,0.01,,-0.96,-0.39,,0.42,0.82,,-0.68,0.24,-0.49,0.59,-0.59,-0.39,,-0.18,-0.01,-0.49,,-0.05,-0.29,0.24,-0.44,-0.13,,1.06,1.49,3.66,,-1.1,-0.04,-1.25,-0.15,0.08,,-0.44,-0.13,,-0.15,0.08,,-1.45,0.77,-1.12,,-0.34,0.12,,-2.31,1.42,-0.42,,-1.2,0.83,,-1.1,0.24,0.6,,-1.06,0.53,0.35,,-1.62,-0.11,0.35,,-1.57,0.18,0.11,,-0.56,0.35,-1.09,1.26,-1.26,-0.92,,-0.06,-0.01,,-0.47,0.72,-1.37,1.64,-1.64,-1.1,,-0.11,0.37,,-1.26,-0.92,,-0.82,-0.49,,-1.64,-1.1,,-1.21,-0.67,,-2.54,0.5,-0.96,0.6,0.4,0.6,,-2.52,0.57,0.06,1.84,-0.7,1.84,,0.4,0.6,,-0.7,1.84,,0.39,0.43,-0.36,0.44,-0.44,-0.25,,0.16,1.09,-0.4,0.47,-0.47,-0.35,,-0.44,-0.25,,-0.66,-0.48,,-0.47,-0.35,,-0.7,-0.58,,-0.03,-0.7,0.76,,0.47,-1.1,,-0.22,0.44,1.45,,0.13,0.04,,-1.16,0.57,0.77,0.65,0.89,,-0.66,0.15,,-0.91,0.35,0.23,0.37,0.09,0.37,,-0.55,-0.07,,-0.69,0.41,-0.39,-0.49,-0.28,,-1.11,-0.67,,,,,-0.2,0.16,,0.09,0.37,,0.09,0.37,,0.65,0.89,,1.33,1.58,,1.13,1.18,,0.73,-0.07,0.73,-0.07,,1.11,2.26,-0.61,,-0.97,-0.12,0.53,,-0.48,-0.4,-0.33,,0.98,,-1.41,-0.99,-0.78,,-1.51,-0.61,0.07
FR220013010008,1/13/2020,7:22:58 AM,,-0.37,1.39,-0.42,,0.35,,,,,,0.39,,,,,,-0.28,,,,,,,-0.18,,,,,,,-0.01,,,,,,,-0.1,,,,,,,0.5,-0.61,0.98,,0.57,,,,0.77,,-0.37,0.39,,0.27,,,,0.63,,0.5,-0.28,0.5,,-0.21,0.56,,-0.58,2.56,-0.68,1.12,-1.12,-0.64,,-1.23,3.04,,0.96,-1.42,0.44,0.73,0.13,0.73,,0.02,-0.94,,-1.12,-0.64,,-1.09,-0.61,,0.13,0.73,,0.16,0.76,,1.33,1.64,,1.05,1.29,,0.72,-0.01,1.11,0.88,0.55,0.88,,1.23,0.39,0.54,1.48,0.98,1.48,,0.55,0.88,,0.98,1.48,,1.17,-0.31,0.1,1.05,1.29,,-0.31,-1.01,2.53,,1.48,0.53,0.14,1.33,1.64,,0.63,-0.4,2.09,,0.87,1.05,-0.98,1.22,-1.22,-1.11,,1.75,0.62,0,0.68,-0.45,0.68,,-1.22,-1.11,,-0.45,0.68,,0.1,-0.48,,-1.36,0.76,-0.04,,0.78,-0.24,-0.35,,-0.02,0.02,,0.39,0.66,0.45,0.12,0.43,,-0.33,0.67,-0.66,,0.96,-0.23,-0.37,0.64,1.34,,-1.23,-0.62,-0.92,,-0.98,-0.68,,0.1,0.79,,0.74,1.37,-2.3,2.54,-2.54,-2.06,,-0.85,-1.41,-0.63,1.19,-1.19,-0.06,,-0.96,0.62,-0.44,,-1.7,,-0.74,,-2.54,-2.06,,-1.19,-0.06,,1.11,2.24,,0.18,-0.49,0.5,0.29,0.06,0.29,,-0.89,-0.61,,0.1,0.54,0.37,0.29,-0.09,0.29,,0.14,-0.18,,-0.66,-0.42,,-1.32,-0.94,,1.13,-0.19,1.7,,0.18,0.49,0.69,,-0.95,0.67,,0.61,-0.13,-0.29,,0.77,0.7,-0.37,,-0.2,0.87,,0.54,-0.28,0.79,,-0.08,-0.11,,0.78,0.7,-1.52,,-0.21,0.84,,0.51,0.06,-0.67,,-0.09,0.21,,0.74,0.83,-0.76,1.08,-1.08,-0.35,,-0.24,0.99,,0.46,-0.16,0.07,0.55,-0.55,0.44,,-0.16,0,,-1.52,-0.37,,,,-1.49,-0.34,,-0.67,0.79,,0.89,0.77,-0.32,2.36,,0.15,,-0.59,,0.76,0.99,-0.01,,0.01,,-0.37,,-0.42,0.41,-0.72,,0.34,0.74,0.13,,-0.64,0.3,,-0.3,0.65,-0.69,,-0.91,0.21,,0.73,0.84,0.01,,-0.26,0.42,,-0.64,0.26,-0.89,,-1.25,-0.16,,0.47,0.57,0.21,,-0.52,0.11,,-0.32,0.81,-0.73,,-0.93,0.35,,0.01,0.21,,0.04,0.24,,-0.89,-0.69,,-0.87,-0.66,,0.97,0.45,-1.16,1.52,-1.52,-0.8,,1.04,0.41,-1.16,,-0.34,0.04,-0.25,0.31,-0.31,-0.19,,-0.98,-0.45,,-1.52,-0.8,,-0.76,-0.04,,-0.31,0.17,,0.57,0.93,,-0.52,0.05,0.06,0.17,-0.05,0.17,,-0.16,0.02,0.06,,0.6,-0.35,0.55,-0.5,-0.2,,1.19,1.4,3.67,,-0.59,0.28,-0.84,0.14,0.42,,-0.5,-0.2,,0.14,0.42,,-1.06,0.64,-0.67,,-0.47,0.18,,-1.89,1.4,-0.1,,-1.3,0.74,,-0.52,0.33,0.62,,-1.12,0.68,0.07,,-1.07,-0.02,0.42,,-1.67,0.33,-0.13,,-0.34,0.27,-1.08,1.23,-1.23,-0.92,,0.01,0.03,,-0.19,0.6,-1.34,1.61,-1.61,-1.08,,-0.12,0.36,,-1.23,-0.92,,-1.11,-0.8,,-1.61,-1.08,,-1.49,-0.95,,-1.84,0.52,-1.21,0.66,0.37,0.66,,-1.55,0.83,0.08,1.24,0.41,1.24,,0.37,0.66,,0.41,1.24,,1.03,0,-0.65,0.72,-0.72,-0.53,,0.68,0.57,-0.73,0.84,-0.84,-0.64,,-0.72,-0.53,,-0.88,-0.68,,-0.84,-0.64,,-0.99,-0.8,,-0.05,-0.73,0.35,,0.31,-1.06,,0.03,0.45,1.21,,0.09,0.11,,-1.05,0.53,0.4,0.33,0.47,,-0.69,0.17,,-0.55,0.31,0.16,0.3,0.02,0.3,,-0.48,-0.05,,-0.52,0.37,-0.77,-0.86,-0.68,,-1.16,-0.53,,,,,-0.18,0.33,,0.02,0.3,,0.02,0.3,,0.33,0.47,,0.43,0.56,,1.19,1.15,,1.41,0.18,1.41,0.18,,1.33,2.38,-0.55,,-0.33,0.03,0.68,,0.02,-0.42,-0.47,,1.04,,-1.3,-0.72,-0.64,,-1.09,-0.31,0.47
